interaction_id,Agent_id
1,36
2,67
3,21
3,66
6,2
8,53
8,66
8,79
9,18
11,96
12,49
12,90
16,94
17,51
17,89
18,84
18,99
19,61
20,19
20,24
23,84
24,99
25,75
27,65
29,50
29,59
30,83
31,7
31,67
31,87
31,96
32,5
32,28
32,86
33,37
34,24
35,94
36,2
36,8
36,87
38,6
38,38
40,52
40,80
42,35
43,60
44,1
45,14
46,89
47,32
48,88
49,9
50,51
50,83
52,17
53,23
53,53
55,28
55,65
56,10
56,44
59,25
59,82
60,31
61,12
61,40
61,53
61,60
64,47
65,57
65,62
65,76
66,73
67,30
68,42
70,10
70,58
71,49
73,41
74,78
77,11
77,32
77,83
78,6
78,29
78,49
78,67
78,80
78,89
79,26
82,41
84,4
87,49
88,1
89,44
91,14
91,43
91,71
92,21
92,56
93,39
93,59
95,30
97,34
97,52
99,1
99,37
102,73
103,56
103,70
104,60
104,91
105,39
107,94
108,2
108,19
108,40
109,86
112,20
113,43
115,6
117,28
117,92
118,83
120,8
120,92
121,98
122,61
124,56
124,92
125,8
129,76
131,52
131,55
131,86
132,32
132,77
134,76
136,43
136,99
138,9
142,8
143,59
145,8
147,44
148,83
151,43
152,6
152,82
153,19
156,92
158,36
159,18
160,26
160,50
162,12
163,29
163,47
165,38
166,65
167,51
167,93
167,95
168,38
169,2
169,9
171,37
171,62
172,81
172,87
173,12
173,14
173,33
173,80
175,47
176,4
176,84
177,16
177,52
177,73
179,26
179,55
179,88
181,3
181,17
181,27
182,15
182,64
182,90
183,27
183,71
184,49
184,74
184,95
185,47
187,48
187,54
189,15
189,49
190,94
191,6
191,10
192,29
193,47
193,99
194,94
195,44
195,73
196,41
196,62
197,24
197,70
199,33
204,8
204,11
206,57
206,81
207,5
209,26
209,37
211,89
216,48
217,41
217,43
221,98
224,95
227,16
228,18
229,53
231,15
232,58
232,97
235,2
235,11
236,98
239,17
239,30
242,93
243,68
245,68
247,93
248,100
250,11
250,18
252,32
252,69
256,41
256,92
258,29
258,59
258,80
261,1
262,91
264,45
264,89
265,49
265,85
266,35
267,20
267,53
269,19
269,39
270,80
271,85
273,81
274,61
274,66
274,80
275,48
277,60
278,12
278,57
278,60
281,49
282,83
284,73
285,47
285,62
287,1
287,15
287,99
288,1
288,52
291,19
291,83
292,4
293,7
293,69
293,99
294,91
296,10
297,57
298,1
298,43
298,63
299,31
299,49
299,67
299,95
300,56
302,6
303,60
304,84
306,58
308,82
309,59
310,39
312,2
314,69
318,88
320,55
321,70
322,83
323,41
324,7
324,34
325,12
326,35
326,81
327,12
327,38
328,10
329,57
331,75
331,90
332,36
332,85
333,29
333,82
334,61
335,9
336,32
337,70
338,15
342,82
343,68
344,27
344,39
344,57
346,82
347,35
347,67
349,80
351,43
351,88
352,4
353,34
354,25
354,96
357,95
358,28
359,26
359,84
361,45
363,67
363,74
364,24
366,7
366,66
366,71
366,76
368,3
369,64
370,57
371,47
372,71
374,41
375,5
375,10
375,20
375,72
375,82
376,53
378,52
378,81
380,32
381,71
384,26
384,71
385,76
385,92
387,41
388,88
389,54
390,46
391,28
391,46
393,62
394,12
394,31
394,36
394,74
397,3
398,13
398,83
399,94
400,13
401,30
401,89
402,98
404,37
404,71
405,50
405,77
407,83
408,44
409,13
412,47
412,77
412,82
412,83
413,5
413,31
413,47
414,98
415,94
416,30
416,39
416,66
417,72
420,2
422,11
422,45
422,53
424,16
424,50
424,79
425,87
426,14
426,20
427,41
427,51
428,25
428,62
430,37
431,36
432,55
432,82
435,53
436,93
438,30
439,48
441,11
441,97
443,52
444,71
444,78
447,92
448,67
449,68
450,71
451,20
451,37
453,74
454,15
454,45
456,56
456,58
457,22
458,75
458,76
459,64
462,19
463,57
464,14
465,26
466,8
469,68
470,31
470,61
470,81
471,16
471,69
473,16
473,99
474,9
475,21
475,88
476,75
482,93
484,55
484,89
485,30
485,34
488,46
489,100
492,81
493,44
494,92
494,93
495,16
496,23
496,70
498,34
499,46
499,63
500,58
500,73
502,55
503,57
504,14
504,24
505,36
505,45
506,66
507,46
507,65
507,97
509,43
510,68
511,37
513,59
514,42
515,19
515,62
515,73
517,33
517,82
518,1
518,6
520,50
520,97
522,47
523,2
525,54
527,15
527,83
530,15
530,60
531,9
531,44
532,33
539,65
539,87
540,69
541,10
541,100
542,71
542,91
543,28
543,52
543,61
543,86
544,45
544,76
545,27
546,68
546,97
550,32
552,24
555,8
556,53
558,72
560,17
560,41
560,76
561,79
562,13
562,31
562,37
563,16
565,69
566,2
566,44
567,70
568,90
569,3
569,54
569,89
571,39
571,61
572,19
575,48
577,27
577,50
578,9
578,75
579,76
580,83
583,5
583,62
584,66
586,37
586,70
588,48
589,5
589,23
592,6
592,16
592,40
592,45
592,65
592,79
592,92
593,1
593,38
594,4
597,45
597,52
598,34
599,81
600,2
600,67
601,65
601,92
602,59
603,53
604,66
605,48
606,24
606,82
608,1
609,43
611,43
613,87
614,8
615,100
618,21
618,89
619,19
620,6
620,59
621,6
621,52
622,9
622,51
623,4
623,68
623,76
625,14
626,21
627,90
630,27
630,41
630,42
633,29
633,54
634,37
634,93
635,75
636,32
640,88
641,95
644,40
644,60
645,58
648,6
649,17
649,22
649,97
651,10
654,42
655,53
655,85
658,74
661,12
663,39
663,66
665,29
666,88
667,76
668,77
669,97
671,10
677,69
677,82
678,14
679,48
681,29
681,59
681,95
682,33
686,58
686,99
687,20
687,29
689,45
689,69
690,14
690,33
690,56
691,54
692,15
694,22
694,67
694,70
696,49
696,54
696,95
697,8
698,85
698,90
700,22
700,44
701,6
703,52
707,63
709,1
709,83
710,96
712,51
713,28
714,1
714,13
715,22
716,9
716,88
717,32
721,65
723,96
725,19
728,29
729,38
729,96
731,58
731,100
732,78
732,80
733,81
734,13
734,79
735,29
736,37
737,13
739,27
739,51
740,13
740,71
741,75
741,80
743,89
744,38
746,67
746,68
747,19
749,88
750,8
751,24
752,44
752,56
754,65
755,60
756,49
756,78
757,28
759,14
759,22
760,2
760,11
762,15
762,28
762,51
763,85
764,88
767,85
768,8
771,40
771,95
772,54
773,27
773,70
774,31
774,80
776,26
777,64
778,74
783,13
783,29
783,80
784,17
785,68
786,14
787,11
788,72
790,74
791,11
793,16
793,78
793,94
794,78
796,47
797,3
799,54
800,52
800,54
802,17
802,47
803,12
803,32
804,73
806,53
807,52
808,32
808,79
809,31
809,94
812,32
813,32
813,38
813,41
813,49
813,52
815,73
815,81
815,84
816,43
818,86
819,3
819,63
819,85
821,6
823,51
824,45
825,6
825,31
826,17
827,21
827,33
827,68
828,32
829,45
829,82
832,52
833,97
834,16
835,1
835,58
836,62
837,40
838,14
840,5
841,76
841,92
843,26
843,86
844,17
844,55
846,32
847,77
848,28
848,95
849,12
850,17
850,71
850,90
851,19
851,33
852,9
854,77
854,100
855,46
855,59
857,49
857,91
858,5
859,75
859,98
860,90
861,49
864,7
864,94
867,94
869,91
870,37
870,75
870,98
876,30
876,48
879,96
880,18
882,3
882,81
884,67
888,29
888,84
890,23
890,91
890,100
891,76
893,13
893,54
894,39
895,55
895,78
896,61
897,13
900,15
900,59
900,80
903,5
906,60
909,40
909,49
910,31
910,86
911,4
911,66
913,60
914,56
917,8
917,33
918,12
918,34
921,41
922,22
922,38
923,65
924,31
926,88
927,12
929,71
931,33
931,66
936,88
937,55
938,66
939,20
940,5
940,72
940,77
941,24
941,81
943,67
944,52
945,63
946,58
948,2
950,23
950,64
950,65
950,95
953,100
954,49
954,52
955,26
955,81
957,55
958,77
965,56
965,84
968,21
968,22
970,47
970,67
971,22
971,49
971,65
971,88
972,29
972,71
972,96
973,100
976,22
976,34
976,78
977,3
978,100
979,58
979,82
980,85
981,88
982,56
985,25
986,38
987,24
987,28
988,29
988,66
989,23
989,48
989,64
991,35
991,79
994,30
995,51
997,4
999,73
1000,43
1001,76
1002,69
1004,1
1004,100
1005,52
1007,2
1010,42
1011,100
1012,46
1013,98
1014,13
1014,82
1015,83
1018,67
1021,42
1021,66
1024,5
1024,26
1024,100
1026,79
1027,47
1028,71
1029,60
1029,77
1030,15
1031,9
1031,47
1031,56
1033,56
1033,88
1034,68
1035,89
1036,4
1036,15
1038,1
1041,32
1042,13
1042,50
1044,69
1044,70
1045,4
1047,100
1048,37
1049,4
1049,58
1051,43
1052,71
1054,46
1055,96
1056,6
1058,69
1061,26
1062,100
1063,6
1063,17
1066,26
1066,60
1066,84
1067,37
1068,10
1069,50
1070,28
1070,95
1073,77
1074,21
1074,83
1076,29
1076,64
1078,58
1079,3
1079,5
1079,76
1079,81
1080,49
1080,61
1081,70
1082,12
1084,3
1086,32
1087,50
1089,67
1090,51
1091,56
1092,23
1092,90
1095,3
1095,18
1097,60
1097,89
1097,100
1098,34
1099,21
1099,93
1100,15
1101,89
1102,24
1102,53
1103,78
1105,10
1105,60
1106,87
1107,17
1109,70
1110,4
1110,69
1110,96
1112,39
1112,67
1114,3
1116,61
1116,76
1117,21
1120,62
1122,30
1123,39
1124,36
1125,36
1125,72
1126,2
1126,21
1126,77
1127,67
1128,34
1128,39
1129,15
1129,62
1129,67
1130,77
1131,92
1136,7
1138,95
1139,22
1140,50
1142,15
1143,10
1143,16
1144,69
1144,75
1146,86
1147,15
1148,51
1148,59
1148,75
1148,99
1150,24
1150,29
1150,36
1150,80
1150,87
1151,13
1152,81
1153,4
1154,42
1154,64
1156,50
1156,99
1157,93
1160,8
1160,43
1160,47
1160,51
1163,63
1168,3
1168,56
1168,62
1171,90
1172,89
1173,7
1174,70
1176,62
1179,61
1180,46
1181,32
1182,24
1182,25
1182,57
1182,85
1183,31
1185,54
1186,24
1186,95
1187,61
1188,29
1188,44
1191,95
1192,59
1193,2
1194,58
1194,84
1196,34
1196,81
1196,90
1198,27
1201,22
1203,29
1206,8
1207,1
1207,29
1208,51
1209,4
1210,72
1211,78
1212,49
1213,42
1214,76
1215,75
1217,86
1218,34
1220,8
1220,87
1222,26
1223,41
1223,90
1226,7
1226,94
1227,21
1227,77
1232,15
1232,52
1233,52
1233,57
1236,50
1237,92
1238,53
1240,71
1240,77
1241,77
1244,13
1244,71
1245,14
1246,1
1248,47
1249,24
1249,68
1252,26
1252,90
1253,21
1253,56
1253,93
1254,26
1255,9
1255,47
1259,19
1259,96
1260,25
1262,94
1263,39
1264,89
1266,45
1267,7
1267,24
1267,73
1267,89
1269,39
1270,5
1271,5
1273,38
1275,74
1277,39
1278,20
1279,31
1280,13
1284,84
1287,77
1287,93
1287,95
1288,86
1294,58
1295,77
1296,93
1297,15
1300,61
1301,54
1302,2
1305,24
1305,30
1308,5
1308,7
1311,8
1311,19
1311,63
1312,51
1313,94
1314,11
1314,12
1316,35
1319,88
1319,89
1320,54
1321,70
1322,42
1323,15
1326,60
1326,69
1326,71
1326,83
1327,16
1328,18
1330,93
1333,58
1333,84
1334,82
1334,92
1335,31
1335,66
1335,75
1336,33
1337,33
1339,27
1339,52
1339,97
1340,17
1340,48
1340,78
1341,13
1344,82
1345,24
1348,50
1348,72
1349,5
1349,99
1350,10
1350,61
1351,22
1351,28
1351,67
1351,78
1352,81
1353,56
1353,72
1354,67
1355,6
1355,56
1355,64
1356,43
1357,58
1358,43
1359,64
1359,89
1360,59
1360,93
1362,3
1362,18
1364,17
1364,99
1365,4
1365,50
1366,1
1367,63
1368,5
1368,40
1368,49
1369,47
1372,62
1373,53
1376,92
1378,3
1380,28
1380,41
1380,84
1382,40
1383,31
1386,27
1387,1
1387,2
1387,67
1388,11
1389,3
1389,82
1390,53
1390,80
1393,55
1393,99
1395,39
1398,56
1398,58
1399,32
1399,80
1399,87
1399,100
1403,90
1404,24
1405,8
1405,21
1405,30
1405,45
1408,1
1408,79
1409,56
1411,37
1412,50
1414,48
1414,54
1414,87
1415,41
1415,58
1415,67
1415,80
1416,2
1416,82
1417,51
1417,53
1418,60
1418,70
1419,29
1419,37
1421,38
1421,85
1421,89
1422,73
1422,84
1423,24
1423,86
1424,40
1424,43
1424,73
1425,25
1425,59
1425,80
1426,45
1426,54
1426,58
1426,83
1427,32
1427,87
1427,94
1429,16
1429,21
1431,55
1434,99
1435,62
1438,59
1439,89
1441,55
1443,98
1444,45
1445,83
1446,5
1455,68
1456,7
1456,57
1456,62
1456,92
1457,27
1457,60
1459,98
1460,34
1460,89
1461,25
1462,67
1463,92
1464,67
1464,71
1469,67
1471,90
1472,83
1473,27
1473,30
1474,8
1474,85
1476,79
1476,87
1477,4
1478,61
1479,57
1479,96
1480,20
1481,63
1483,10
1483,44
1485,73
1485,86
1486,29
1487,7
1489,39
1489,57
1489,88
1490,61
1492,32
1492,34
1492,64
1493,17
1494,72
1495,10
1497,96
1499,72
1500,42
1500,48
1501,20
1501,80
1505,81
1507,42
1507,100
1509,78
1510,88
1511,53
1511,55
1511,81
1511,92
1512,81
1513,69
1513,89
1514,23
1515,31
1515,98
1516,12
1516,40
1518,38
1518,44
1518,90
1519,9
1519,10
1520,44
1521,2
1522,40
1523,55
1525,21
1526,34
1531,69
1536,13
1536,62
1536,88
1538,10
1539,4
1540,5
1543,58
1543,79
1544,13
1544,64
1545,41
1546,78
1549,46
1550,89
1551,42
1552,63
1553,31
1554,32
1554,34
1554,58
1555,18
1555,81
1557,14
1558,13
1558,36
1562,22
1564,96
1565,85
1568,24
1568,75
1573,67
1578,80
1581,84
1581,99
1583,12
1586,28
1588,29
1588,85
1591,29
1592,78
1593,22
1593,52
1594,79
1595,31
1595,63
1595,72
1597,64
1597,88
1598,7
1598,65
1599,86
1601,5
1601,66
1601,87
1602,33
1603,29
1603,87
1604,5
1604,46
1605,60
1605,68
1606,49
1606,85
1606,97
1608,51
1609,37
1611,61
1611,90
1612,46
1613,38
1613,44
1613,54
1614,30
1614,47
1617,17
1617,48
1617,64
1617,68
1618,42
1618,64
1619,59
1620,20
1620,72
1621,34
1621,87
1622,96
1623,79
1624,11
1627,88
1627,100
1629,4
1629,45
1631,9
1631,15
1631,56
1632,10
1632,68
1633,53
1633,87
1634,30
1634,68
1636,66
1637,21
1638,31
1639,11
1640,57
1641,15
1642,26
1643,92
1645,9
1646,21
1646,40
1646,70
1648,50
1648,93
1650,82
1651,12
1652,53
1653,24
1653,92
1654,45
1654,68
1655,27
1655,51
1657,17
1657,48
1658,24
1659,83
1660,38
1662,83
1664,48
1664,96
1665,51
1666,89
1667,31
1667,53
1668,39
1669,81
1670,38
1671,28
1671,81
1671,86
1674,92
1676,20
1677,76
1679,68
1680,53
1682,79
1683,51
1683,80
1685,45
1686,94
1687,30
1688,12
1690,15
1690,28
1691,51
1692,48
1693,21
1693,80
1695,55
1697,2
1697,98
1700,70
1701,45
1702,56
1702,57
1702,58
1702,62
1704,35
1706,2
1707,90
1708,25
1708,29
1709,19
1712,31
1712,45
1712,53
1714,62
1715,70
1718,84
1720,61
1721,69
1723,20
1724,99
1725,89
1728,11
1729,51
1729,98
1730,54
1731,85
1732,63
1734,26
1734,46
1736,21
1736,56
1736,59
1737,90
1737,96
1738,46
1740,23
1742,54
1743,20
1743,27
1743,93
1744,30
1744,35
1744,62
1747,15
1747,23
1747,44
1748,82
1750,57
1752,38
1753,41
1754,28
1754,36
1754,55
1754,56
1755,71
1756,10
1757,66
1758,77
1759,2
1760,44
1762,14
1762,52
1763,60
1767,77
1768,77
1769,14
1769,39
1769,86
1770,43
1771,4
1772,12
1773,23
1775,12
1777,57
1779,29
1780,45
1781,60
1782,10
1782,47
1782,61
1786,87
1786,88
1787,19
1787,60
1789,26
1789,46
1791,74
1792,73
1793,41
1793,73
1793,76
1793,98
1794,27
1794,28
1794,63
1797,25
1798,65
1799,40
1799,73
1799,89
1800,24
1800,26
1800,57
1800,73
1801,85
1802,91
1803,4
1803,54
1805,51
1806,62
1807,75
1808,53
1808,66
1810,70
1811,25
1813,58
1813,80
1814,62
1815,76
1816,34
1817,34
1820,72
1823,39
1823,45
1823,75
1825,3
1826,9
1826,18
1826,85
1827,48
1828,40
1830,20
1831,94
1832,16
1834,32
1835,29
1836,25
1836,55
1836,76
1837,5
1837,33
1837,53
1837,66
1837,74
1838,72
1839,39
1840,46
1840,67
1840,76
1843,57
1845,48
1846,47
1846,100
1848,46
1848,79
1849,61
1850,76
1851,72
1851,74
1852,43
1852,56
1854,69
1856,92
1857,83
1858,33
1858,52
1859,16
1861,47
1862,62
1863,66
1864,14
1864,38
1866,23
1866,88
1870,25
1872,99
1875,49
1876,45
1877,52
1877,58
1878,46
1881,44
1881,98
1885,55
1888,50
1889,35
1891,21
1891,22
1893,35
1894,20
1894,29
1894,55
1895,5
1901,46
1902,46
1905,6
1905,52
1905,98
1906,72
1906,92
1906,97
1908,72
1910,93
1912,74
1913,61
1915,32
1915,65
1916,19
1920,40
1920,53
1920,65
1920,96
1922,31
1923,19
1924,16
1924,41
1925,16
1925,83
1927,11
1927,65
1927,93
1929,14
1929,49
1932,45
1934,9
1938,42
1938,77
1938,89
1939,89
1940,73
1942,90
1943,35
1943,85
1944,43
1945,19
1945,66
1949,69
1950,2
1952,72
1952,76
1953,22
1956,1
1956,32
1957,30
1960,31
1961,98
1963,8
1965,14
1966,22
1968,77
1969,45
1969,74
1970,13
1970,68
1971,42
1973,10
1976,23
1976,30
1976,79
1978,25
1979,65
1979,73
1980,35
1980,94
1981,55
1983,7
1983,18
1984,16
1984,32
1986,2
1986,28
1987,5
1987,60
1988,46
1988,72
1989,56
1989,78
1990,15
1990,88
1991,10
1991,43
1992,1
1994,93
1994,96
1995,59
1995,94
1998,45
1998,51
1998,76
2002,65
2007,29
2007,66
2008,25
2010,1
2010,84
2011,47
2011,63
2012,9
2012,30
2012,45
2013,39
2016,9
2017,72
2019,54
2020,61
2021,89
2022,16
2023,15
2026,39
2028,23
2028,35
2028,41
2031,42
2032,66
2034,31
2036,82
2037,5
2037,68
2037,80
2040,4
2040,48
2040,52
2041,6
2042,19
2042,42
2042,48
2045,70
2046,1
2047,28
2047,45
2049,12
2053,43
2053,88
2055,23
2055,37
2055,99
2056,82
2056,88
2057,87
2058,4
2058,72
2059,46
2060,36
2060,54
2060,84
2061,15
2063,10
2064,3
2064,85
2065,41
2065,94
2066,36
2066,84
2068,17
2068,31
2068,79
2073,40
2074,77
2074,93
2076,13
2076,22
2076,49
2078,35
2078,43
2078,80
2080,74
2081,52
2081,61
2083,91
2084,48
2088,25
2088,61
2088,84
2089,13
2090,47
2090,57
2090,74
2091,23
2093,39
2094,13
2094,15
2094,81
2094,91
2096,13
2096,31
2097,42
2097,98
2098,28
2099,82
2100,4
2100,71
2101,89
2102,30
2103,3
2104,47
2105,18
2105,60
2108,49
2109,13
2110,32
2111,87
2112,29
2112,97
2113,41
2113,86
2114,63
2115,64
2116,18
2119,20
2122,59
2124,80
2126,35
2126,39
2128,71
2129,20
2130,21
2130,89
2131,13
2133,6
2134,36
2134,39
2138,96
2141,15
2141,30
2141,31
2142,6
2142,12
2142,96
2143,10
2145,82
2147,92
2148,72
2149,25
2149,100
2150,58
2150,68
2151,1
2151,64
2151,92
2152,66
2153,79
2155,43
2155,62
2155,73
2157,91
2157,96
2158,80
2159,18
2163,96
2164,90
2166,81
2166,88
2167,85
2168,1
2169,41
2170,39
2171,6
2172,2
2172,59
2173,95
2174,46
2174,58
2174,59
2175,15
2175,94
2178,9
2179,13
2180,22
2186,25
2187,10
2188,79
2191,29
2192,14
2194,8
2194,82
2195,7
2196,5
2196,22
2197,31
2198,13
2199,61
2201,86
2202,44
2202,73
2203,19
2203,73
2203,81
2203,89
2204,37
2205,4
2205,15
2207,39
2209,7
2209,96
2210,9
2210,74
2211,100
2213,31
2213,69
2214,100
2216,8
2216,93
2218,2
2218,14
2219,7
2219,92
2221,7
2221,92
2223,63
2226,32
2226,73
2227,5
2227,56
2227,91
2229,37
2229,58
2231,46
2232,7
2232,47
2233,65
2233,87
2234,44
2235,98
2236,17
2237,10
2237,39
2238,79
2242,16
2243,46
2244,14
2244,15
2244,38
2245,26
2246,49
2248,22
2252,6
2252,54
2253,45
2254,20
2255,41
2256,6
2259,35
2259,90
2260,4
2260,36
2260,95
2262,32
2263,29
2264,83
2267,9
2267,86
2268,97
2270,53
2271,53
2272,45
2273,18
2273,63
2274,8
2275,23
2275,26
2283,69
2284,98
2285,25
2285,40
2285,91
2286,41
2287,48
2289,3
2289,39
2289,91
2291,7
2292,39
2292,70
2293,50
2295,36
2295,62
2297,61
2297,77
2298,13
2299,41
2300,69
2301,58
2301,81
2303,91
2304,7
2305,60
2306,61
2313,11
2313,44
2317,38
2318,22
2318,76
2319,52
2322,72
2323,31
2323,75
2325,1
2325,28
2325,59
2327,28
2328,3
2331,3
2331,52
2333,35
2333,69
2335,75
2336,5
2339,6
2341,72
2341,81
2342,98
2344,47
2344,89
2345,83
2346,4
2346,45
2347,81
2349,3
2349,7
2350,66
2351,12
2351,89
2351,95
2352,27
2353,95
2357,38
2357,75
2358,86
2359,33
2359,81
2360,5
2361,12
2363,24
2364,16
2364,87
2365,5
2365,29
2365,80
2366,72
2366,94
2368,56
2369,27
2369,38
2370,60
2370,94
2371,2
2371,35
2371,76
2373,14
2374,96
2375,20
2375,75
2380,34
2380,95
2382,63
2382,86
2382,100
2383,24
2383,84
2384,23
2384,29
2384,82
2385,57
2385,78
2386,45
2386,98
2389,93
2391,45
2393,39
2395,11
2395,63
2395,99
2398,25
2398,76
2400,31
2401,2
2401,4
2402,13
2402,19
2402,80
2403,91
2404,26
2404,63
2406,45
2407,46
2409,33
2409,79
2410,71
2413,70
2414,20
2415,62
2415,91
2416,29
2417,79
2418,12
2418,18
2419,73
2419,75
2420,17
2422,51
2423,7
2425,97
2429,13
2429,27
2429,31
2429,60
2431,16
2431,90
2432,26
2433,93
2434,94
2436,13
2438,71
2439,17
2440,55
2441,97
2442,33
2442,71
2443,59
2446,2
2446,26
2450,13
2450,76
2451,14
2451,43
2451,56
2452,20
2452,69
2454,71
2455,7
2455,83
2456,9
2456,93
2457,29
2458,27
2458,98
2459,71
2460,21
2461,32
2461,84
2465,19
2466,62
2468,3
2468,42
2469,3
2469,14
2469,86
2470,7
2470,28
2472,87
2472,90
2474,82
2477,24
2478,5
2478,89
2479,9
2480,85
2480,93
2481,14
2481,79
2481,92
2482,73
2482,93
2482,96
2484,79
2485,3
2486,22
2487,12
2487,52
2489,89
2491,67
2492,24
2493,36
2494,12
2494,13
2494,78
2495,97
2496,51
2497,75
2498,34
2498,94
2499,69
2500,84
2501,15
2502,89
2504,78
2505,35
2505,53
2506,6
2507,62
2508,81
2511,23
2512,56
2512,74
2512,85
2513,83
2514,25
2514,37
2515,49
2516,33
2517,1
2517,29
2518,34
2518,88
2519,15
2519,88
2520,66
2521,29
2521,82
2521,83
2522,33
2522,84
2524,30
2524,65
2525,12
2525,32
2526,54
2527,1
2527,54
2528,11
2528,37
2528,59
2529,83
2530,36
2531,43
2533,23
2539,77
2540,67
2542,20
2542,72
2542,98
2544,28
2545,31
2545,45
2546,66
2547,46
2549,4
2550,20
2550,75
2552,31
2553,23
2554,66
2555,55
2556,4
2556,50
2556,86
2556,87
2557,49
2559,22
2559,100
2560,51
2561,98
2562,68
2563,19
2564,1
2565,71
2568,98
2569,3
2569,82
2573,53
2574,52
2575,43
2575,75
2577,84
2578,87
2579,99
2580,67
2580,76
2580,96
2582,22
2583,90
2584,70
2585,16
2585,70
2587,35
2588,30
2590,27
2590,80
2591,22
2591,50
2592,56
2592,63
2592,88
2593,49
2594,35
2595,15
2595,16
2599,45
2601,31
2602,74
2604,11
2606,51
2606,74
2608,47
2611,84
2613,46
2613,77
2614,15
2614,61
2619,6
2619,82
2621,22
2621,59
2624,1
2624,46
2625,45
2625,76
2626,44
2626,46
2627,48
2627,51
2628,27
2628,63
2628,99
2629,66
2629,72
2630,94
2632,52
2632,63
2635,50
2635,94
2636,18
2637,58
2639,21
2641,80
2642,60
2642,98
2643,28
2643,56
2645,47
2646,19
2646,20
2648,47
2650,16
2651,20
2652,72
2652,83
2655,91
2656,29
2659,60
2659,91
2661,22
2661,84
2664,41
2664,71
2665,27
2666,49
2667,6
2667,53
2668,31
2669,88
2670,3
2671,94
2673,21
2673,91
2674,23
2675,38
2675,92
2675,100
2676,6
2677,25
2677,28
2679,12
2684,13
2685,67
2687,44
2689,13
2690,83
2691,17
2691,42
2691,47
2691,52
2691,55
2691,97
2692,39
2692,96
2694,70
2694,92
2695,7
2695,84
2696,56
2698,55
2699,64
2701,67
2702,85
2703,34
2703,91
2706,29
2707,50
2707,96
2708,11
2708,29
2709,33
2710,36
2710,87
2713,35
2713,42
2713,43
2713,92
2714,96
2718,30
2720,49
2721,42
2722,51
2722,99
2725,6
2725,91
2726,10
2727,7
2727,22
2728,16
2729,70
2730,53
2731,57
2732,25
2733,21
2736,81
2738,30
2738,40
2740,67
2741,32
2742,5
2743,61
2743,96
2745,81
2746,29
2747,45
2748,39
2749,86
2749,89
2752,22
2753,13
2753,20
2755,29
2755,61
2757,85
2758,22
2758,79
2760,11
2762,62
2763,75
2763,83
2766,42
2767,17
2767,83
2768,14
2768,33
2771,20
2775,51
2777,64
2777,88
2778,50
2778,52
2778,53
2781,79
2782,7
2782,72
2783,7
2784,21
2785,40
2786,1
2786,99
2788,62
2791,54
2792,24
2792,26
2792,66
2792,90
2793,22
2794,65
2794,88
2795,2
2795,15
2796,81
2798,78
2799,8
2800,69
2801,6
2801,85
2802,10
2803,18
2803,80
2803,95
2804,54
2807,27
2809,44
2810,34
2813,58
2813,59
2813,87
2814,53
2818,24
2822,28
2822,85
2823,88
2827,59
2827,64
2827,94
2833,43
2833,72
2833,74
2834,37
2836,63
2836,94
2836,95
2837,31
2839,16
2839,75
2841,21
2843,9
2843,47
2844,45
2844,61
2846,32
2846,43
2846,64
2847,17
2849,15
2851,47
2851,49
2853,48
2854,22
2854,100
2855,32
2855,61
2856,2
2856,55
2857,35
2861,45
2861,85
2861,98
2862,84
2864,53
2866,85
2867,71
2868,54
2868,65
2869,36
2870,81
2871,73
2872,70
2874,60
2875,9
2875,59
2876,41
2876,88
2877,30
2877,79
2880,44
2881,90
2882,90
2885,57
2886,42
2887,92
2889,77
2892,35
2892,97
2892,99
2893,60
2894,85
2895,15
2895,55
2896,39
2896,44
2896,71
2896,85
2896,88
2899,66
2899,69
2899,77
2901,2
2901,14
2901,75
2902,64
2904,10
2906,45
2906,94
2907,81
2908,1
2908,12
2909,2
2911,92
2912,12
2913,14
2913,55
2915,88
2917,85
2919,29
2920,23
2921,83
2922,25
2923,47
2924,38
2924,61
2924,64
2924,92
2926,34
2926,66
2926,75
2927,31
2928,27
2928,83
2930,3
2930,24
2930,64
2932,62
2933,7
2933,12
2933,41
2934,30
2935,19
2935,56
2936,61
2937,12
2937,55
2938,48
2938,50
2944,32
2945,19
2945,61
2946,81
2946,97
2947,25
2947,60
2947,79
2949,6
2949,61
2950,96
2951,68
2953,7
2953,84
2954,24
2954,64
2956,59
2957,62
2958,50
2958,60
2958,100
2959,74
2959,90
2960,9
2960,73
2960,98
2962,2
2962,53
2963,8
2963,46
2965,43
2967,2
2967,13
2968,6
2968,7
2970,45
2970,79
2970,82
2972,47
2975,70
2976,5
2976,48
2978,96
2979,70
2980,4
2980,32
2982,13
2982,19
2983,58
2983,90
2984,10
2985,70
2986,86
2988,31
2990,5
2990,19
2991,53
2992,97
2994,41
2994,43
2994,64
2995,58
2999,28
3000,33
3001,32
3001,35
3001,51
3002,29
3003,22
3004,82
3005,48
3005,74
3008,29
3008,58
3008,70
3009,40
3009,53
3010,60
3011,31
3011,52
3011,86
3013,5
3013,28
3013,85
3014,11
3014,31
3016,72
3017,7
3018,23
3018,29
3018,71
3019,100
3021,41
3021,50
3021,64
3021,69
3021,81
3021,96
3022,12
3022,69
3022,75
3023,17
3023,86
3024,3
3026,6
3027,58
3030,23
3031,18
3032,44
3035,24
3035,60
3037,59
3038,93
3040,68
3040,81
3041,52
3042,18
3042,65
3043,14
3044,44
3045,21
3047,5
3048,26
3048,62
3049,1
3049,2
3049,63
3053,27
3053,47
3054,27
3054,56
3057,12
3057,34
3057,91
3059,20
3061,39
3063,90
3064,39
3064,67
3064,94
3066,92
3067,64
3067,79
3067,90
3068,30
3069,31
3070,33
3071,69
3071,99
3072,68
3073,11
3074,11
3074,20
3074,93
3075,33
3075,36
3075,94
3076,24
3076,89
3077,13
3079,31
3080,35
3080,93
3080,100
3081,1
3082,49
3084,20
3085,17
3085,97
3086,50
3086,89
3088,60
3089,22
3089,46
3091,51
3092,23
3092,25
3092,57
3094,69
3094,75
3096,21
3096,82
3097,64
3098,34
3099,66
3099,78
3100,3
3102,90
3105,13
3105,43
3107,6
3107,32
3107,89
3109,3
3109,6
3109,87
3110,30
3110,82
3114,9
3114,68
3115,35
3115,91
3116,77
3118,10
3119,91
3120,37
3120,56
3120,59
3123,51
3126,46
3126,100
3127,36
3128,28
3129,16
3130,82
3131,13
3132,86
3133,77
3134,29
3134,100
3135,9
3138,9
3138,41
3138,97
3140,6
3144,95
3148,6
3149,67
3150,96
3151,19
3151,78
3153,99
3154,15
3155,15
3155,35
3156,13
3156,52
3157,85
3162,18
3162,44
3162,72
3162,96
3165,1
3165,36
3166,5
3168,67
3169,16
3174,1
3174,29
3174,43
3175,15
3176,44
3176,66
3176,100
3180,9
3180,35
3180,72
3182,49
3183,96
3185,34
3186,97
3186,100
3187,47
3188,30
3189,100
3190,1
3191,9
3192,36
3192,49
3193,41
3194,34
3199,43
3200,18
3201,3
3201,59
3201,99
3203,84
3204,72
3205,44
3209,6
3209,66
3210,100
3211,33
3211,40
3211,80
3211,95
3212,73
3212,77
3214,69
3217,99
3218,26
3218,69
3218,73
3219,3
3219,85
3220,10
3220,36
3221,66
3222,45
3222,49
3222,81
3223,85
3223,100
3225,10
3227,72
3228,4
3231,28
3233,18
3233,72
3235,17
3236,15
3236,24
3236,27
3236,55
3236,61
3236,67
3237,64
3238,86
3239,73
3241,23
3243,76
3244,64
3245,79
3246,50
3247,4
3247,16
3247,28
3247,99
3248,3
3248,35
3249,33
3249,88
3250,35
3251,9
3252,54
3252,58
3253,86
3253,96
3255,77
3258,33
3259,47
3261,13
3261,45
3264,74
3265,15
3265,73
3266,46
3266,72
3267,53
3268,33
3268,71
3268,74
3268,91
3271,10
3271,27
3271,60
3272,81
3273,45
3274,90
3276,22
3276,41
3276,92
3276,98
3277,68
3281,88
3282,12
3282,62
3284,77
3285,21
3285,25
3286,35
3288,13
3289,18
3290,2
3293,3
3294,31
3295,7
3295,8
3295,78
3297,4
3297,18
3299,7
3302,10
3302,26
3303,70
3306,77
3307,39
3307,98
3309,13
3310,24
3310,45
3313,57
3317,67
3318,64
3318,65
3319,44
3319,62
3320,94
3321,45
3322,5
3322,38
3323,94
3323,96
3324,60
3326,96
3327,68
3328,92
3329,3
3333,11
3333,96
3338,44
3338,46
3339,36
3339,87
3340,17
3340,39
3343,7
3343,51
3343,78
3344,57
3345,37
3350,21
3351,20
3352,35
3355,5
3355,86
3355,87
3356,11
3356,69
3356,74
3357,11
3357,63
3358,26
3359,28
3359,83
3363,69
3364,64
3366,14
3366,81
3367,71
3367,79
3369,24
3370,88
3371,40
3371,43
3371,99
3372,40
3373,12
3373,50
3373,68
3373,75
3373,89
3373,95
3375,63
3376,85
3377,66
3377,79
3378,41
3379,85
3383,71
3386,81
3387,33
3387,78
3388,27
3388,77
3389,1
3389,63
3389,67
3391,83
3392,53
3392,94
3393,40
3393,76
3395,17
3396,78
3397,22
3397,26
3397,52
3397,83
3398,92
3403,65
3403,68
3404,84
3405,95
3406,55
3406,89
3407,11
3407,33
3408,36
3409,36
3410,80
3412,31
3413,66
3415,86
3416,53
3416,79
3417,23
3419,28
3420,21
3420,43
3420,82
3420,87
3422,87
3424,83
3426,10
3427,40
3428,33
3428,47
3428,59
3429,4
3430,29
3431,24
3431,25
3432,14
3432,50
3432,87
3433,15
3433,39
3435,17
3435,67
3436,2
3436,52
3436,77
3436,79
3437,88
3438,48
3439,53
3439,86
3439,89
3440,17
3440,19
3440,35
3440,59
3441,29
3441,88
3441,95
3445,83
3446,40
3446,96
3447,64
3447,72
3448,92
3449,42
3449,83
3450,35
3451,52
3454,81
3457,6
3457,54
3458,26
3458,95
3459,72
3460,2
3464,57
3464,82
3464,87
3466,5
3470,18
3471,20
3471,23
3471,65
3472,15
3475,13
3475,100
3476,32
3476,93
3477,77
3477,99
3479,5
3482,46
3483,1
3484,80
3485,20
3486,83
3486,92
3487,97
3488,60
3488,90
3489,39
3491,71
3491,84
3492,23
3492,44
3492,88
3493,50
3493,95
3494,53
3494,79
3496,48
3497,67
3497,95
3498,76
3499,83
3500,17
3501,60
3502,35
3502,67
3503,90
3506,61
3507,24
3507,32
3508,32
3508,41
3509,20
3511,70
3511,92
3512,30
3514,32
3514,55
3515,12
3515,31
3515,89
3517,13
3517,25
3518,16
3519,4
3519,53
3522,5
3522,27
3524,45
3526,75
3527,74
3528,21
3528,51
3529,42
3530,86
3531,26
3531,99
3532,31
3533,67
3537,51
3537,60
3538,67
3538,93
3539,52
3539,96
3540,63
3541,77
3541,96
3543,95
3544,67
3546,23
3548,70
3549,36
3550,18
3551,11
3551,45
3552,4
3552,11
3553,40
3553,90
3558,44
3558,55
3558,58
3559,63
3561,6
3561,28
3562,28
3562,42
3562,90
3563,54
3564,47
3564,69
3564,92
3566,34
3567,22
3568,34
3570,17
3570,30
3570,73
3571,38
3571,39
3571,71
3572,39
3572,61
3572,76
3574,94
3574,98
3575,74
3575,84
3576,61
3577,12
3578,39
3578,46
3579,16
3582,6
3582,65
3583,43
3583,45
3585,50
3586,42
3587,92
3590,95
3592,25
3592,47
3592,62
3593,51
3595,54
3597,67
3597,79
3599,81
3601,49
3602,27
3602,43
3606,8
3610,12
3612,93
3613,83
3614,12
3617,49
3618,12
3619,32
3619,68
3621,67
3624,83
3625,75
3626,10
3626,53
3627,15
3627,23
3627,71
3629,91
3630,92
3631,5
3631,59
3631,69
3633,6
3634,48
3634,72
3634,97
3636,93
3637,4
3637,24
3639,42
3640,28
3640,85
3641,52
3641,69
3641,82
3642,51
3642,93
3643,79
3643,88
3644,11
3644,22
3645,11
3646,22
3646,31
3647,42
3649,94
3650,81
3651,3
3652,39
3653,5
3656,34
3657,7
3657,57
3659,25
3661,12
3664,91
3666,15
3666,82
3668,40
3668,92
3670,20
3671,50
3672,88
3673,21
3673,94
3674,39
3674,49
3674,63
3675,20
3675,81
3676,34
3677,18
3679,97
3680,15
3680,64
3681,38
3681,45
3683,71
3684,46
3685,93
3686,33
3687,23
3687,90
3687,91
3689,63
3691,23
3693,36
3694,22
3694,76
3694,82
3698,43
3698,79
3699,53
3700,11
3700,35
3700,97
3701,67
3702,83
3703,42
3703,79
3705,48
3706,64
3706,66
3708,6
3709,70
3709,73
3711,22
3711,42
3713,57
3714,77
3715,14
3715,77
3716,41
3717,5
3717,66
3719,7
3719,27
3719,56
3719,82
3719,86
3720,69
3722,34
3726,70
3727,55
3731,76
3732,3
3732,100
3735,21
3735,51
3736,59
3736,97
3737,57
3739,48
3739,60
3739,66
3742,12
3742,63
3744,74
3746,45
3746,62
3746,84
3747,44
3748,68
3749,34
3749,40
3749,63
3749,93
3750,31
3752,41
3752,42
3753,34
3753,87
3755,80
3756,43
3756,70
3758,38
3758,50
3758,83
3760,11
3761,89
3761,94
3762,37
3762,89
3764,85
3764,94
3767,45
3767,96
3768,53
3771,63
3771,82
3774,3
3774,4
3774,63
3775,38
3775,41
3775,81
3776,36
3777,84
3777,95
3778,17
3778,88
3779,6
3782,66
3784,100
3786,14
3786,66
3787,53
3788,91
3791,59
3791,66
3794,15
3795,7
3795,87
3796,89
3798,22
3800,44
3801,48
3802,70
3804,51
3805,62
3807,71
3808,29
3809,5
3809,23
3809,79
3810,4
3812,55
3812,69
3816,77
3817,41
3818,3
3818,16
3818,25
3819,62
3820,2
3820,72
3821,44
3822,16
3824,14
3825,2
3825,37
3826,42
3828,85
3828,86
3830,13
3832,10
3833,95
3834,1
3836,7
3838,19
3841,74
3842,50
3843,20
3844,4
3844,48
3844,74
3845,54
3845,66
3845,72
3847,35
3850,11
3851,3
3852,85
3853,85
3854,12
3854,76
3854,83
3854,99
3855,7
3857,54
3858,82
3859,31
3860,51
3861,38
3862,2
3862,62
3862,98
3863,27
3864,25
3864,90
3865,87
3866,21
3866,93
3870,69
3873,86
3874,37
3874,57
3876,40
3877,42
3877,62
3877,95
3881,6
3881,16
3881,61
3881,74
3882,15
3883,2
3884,14
3885,33
3885,73
3886,1
3888,35
3888,73
3889,91
3893,11
3894,11
3895,60
3895,89
3895,91
3899,99
3900,47
3902,48
3903,2
3903,7
3904,55
3905,2
3905,30
3905,46
3905,80
3906,46
3908,53
3909,57
3909,100
3911,13
3911,63
3913,85
3915,56
3916,42
3916,48
3918,79
3919,70
3920,30
3920,99
3922,98
3923,44
3924,34
3924,78
3929,41
3931,36
3931,56
3932,22
3936,17
3936,53
3938,39
3938,96
3941,55
3944,21
3944,41
3946,54
3948,36
3948,60
3949,58
3950,18
3950,37
3950,53
3950,66
3950,86
3951,61
3951,90
3954,89
3955,83
3957,97
3958,12
3958,99
3960,19
3961,29
3963,55
3963,81
3963,85
3965,31
3965,63
3965,76
3966,65
3967,52
3968,37
3968,85
3970,70
3972,41
3973,65
3975,89
3976,2
3976,8
3977,27
3977,65
3981,43
3981,75
3982,39
3982,42
3983,38
3983,74
3984,17
3984,57
3984,84
3986,39
3987,6
3987,72
3992,24
3992,52
3995,64
3996,76
3997,58
3998,64
4001,27
4001,32
4001,80
4003,5
4005,38
4008,34
4009,12
4010,8
4011,3
4011,70
4012,48
4012,59
4013,76
4016,100
4017,12
4017,35
4018,52
4019,12
4019,30
4020,8
4021,22
4021,61
4024,24
4026,62
4027,49
4028,21
4028,87
4032,59
4034,32
4034,77
4035,28
4035,82
4036,35
4036,41
4037,21
4037,89
4038,68
4039,90
4041,91
4042,3
4044,60
4045,35
4045,76
4046,5
4046,13
4047,56
4049,19
4049,24
4049,40
4049,67
4051,31
4055,40
4055,50
4055,98
4056,46
4056,55
4057,63
4058,42
4058,47
4058,65
4060,7
4060,38
4063,22
4063,85
4065,62
4066,2
4066,50
4066,66
4067,3
4069,22
4069,46
4069,56
4069,80
4071,11
4071,60
4073,10
4077,98
4078,1
4079,36
4079,70
4080,27
4081,51
4082,33
4083,99
4084,45
4085,49
4085,56
4090,29
4090,99
4091,37
4091,53
4092,64
4095,34
4095,71
4096,30
4098,54
4102,18
4103,60
4104,47
4105,53
4105,84
4106,12
4106,88
4106,91
4107,26
4107,39
4107,78
4108,50
4114,52
4114,69
4115,5
4115,56
4116,76
4116,92
4117,72
4118,65
4119,54
4119,90
4120,28
4120,99
4122,58
4123,90
4126,32
4127,4
4127,37
4127,58
4128,77
4129,2
4129,73
4131,28
4131,29
4132,4
4132,68
4133,14
4133,79
4133,90
4134,12
4136,3
4137,14
4137,24
4137,31
4137,63
4139,44
4139,72
4140,43
4140,74
4141,42
4141,76
4143,33
4144,21
4144,42
4144,53
4145,55
4146,86
4147,71
4148,30
4148,72
4149,34
4150,20
4150,97
4151,75
4152,23
4152,84
4153,80
4153,99
4155,35
4156,43
4157,9
4158,45
4158,69
4161,4
4161,54
4162,38
4162,62
4165,87
4166,44
4167,71
4168,46
4168,71
4170,86
4173,35
4173,38
4173,70
4173,94
4177,82
4179,60
4181,25
4181,95
4184,9
4184,53
4188,13
4188,90
4189,8
4190,21
4191,27
4193,32
4193,76
4194,45
4194,89
4196,16
4196,90
4196,94
4197,15
4197,27
4198,87
4200,12
4200,61
4201,54
4202,13
4202,69
4204,47
4205,7
4206,61
4208,41
4212,27
4215,90
4216,26
4216,89
4217,2
4217,8
4220,32
4220,77
4223,8
4225,13
4225,81
4227,77
4228,25
4228,39
4229,13
4229,22
4229,73
4230,63
4230,78
4231,6
4231,92
4235,48
4235,59
4237,32
4237,52
4240,3
4240,42
4241,38
4242,15
4242,27
4246,58
4246,93
4246,98
4247,51
4250,71
4252,33
4253,57
4253,80
4254,20
4254,68
4256,38
4256,92
4258,9
4258,75
4258,91
4260,13
4262,14
4263,31
4264,17
4265,43
4266,40
4267,2
4267,37
4267,86
4269,5
4269,64
4270,28
4271,43
4274,51
4276,10
4276,68
4276,93
4277,20
4278,21
4279,35
4279,37
4279,74
4280,20
4281,49
4281,64
4282,31
4284,82
4285,26
4286,66
4286,82
4287,17
4288,52
4288,71
4289,32
4289,40
4290,91
4290,93
4291,10
4291,81
4292,21
4296,49
4297,67
4297,98
4298,60
4299,81
4300,81
4301,3
4302,19
4304,16
4304,19
4304,73
4306,39
4306,98
4307,12
4307,16
4308,52
4309,35
4309,57
4310,82
4311,20
4312,11
4313,73
4313,88
4314,34
4314,65
4316,46
4318,26
4319,1
4319,33
4322,30
4323,41
4327,5
4327,54
4328,62
4329,65
4329,91
4330,80
4335,55
4337,30
4339,24
4339,31
4339,97
4340,25
4341,3
4341,64
4342,47
4345,72
4347,93
4348,32
4348,82
4349,49
4349,90
4350,41
4350,74
4351,7
4352,94
4355,19
4356,75
4356,94
4357,64
4359,25
4359,62
4359,79
4363,60
4363,85
4366,49
4367,80
4370,85
4373,88
4373,91
4374,8
4375,7
4375,83
4376,89
4377,4
4378,12
4380,54
4382,2
4384,23
4384,31
4384,91
4385,33
4386,38
4386,50
4392,8
4393,28
4393,43
4393,51
4393,70
4394,39
4395,16
4396,97
4397,99
4398,79
4399,36
4400,19
4401,13
4401,22
4401,90
4401,97
4402,16
4403,12
4403,80
4404,33
4404,78
4404,98
4406,12
4406,29
4406,38
4406,78
4407,29
4407,68
4408,14
4409,36
4410,43
4411,49
4412,69
4413,2
4413,74
4414,96
4416,33
4417,21
4417,52
4417,72
4418,22
4418,79
4419,4
4419,33
4419,49
4419,55
4421,63
4424,21
4424,91
4425,13
4427,53
4427,59
4427,87
4427,98
4427,99
4428,51
4429,1
4430,90
4431,26
4435,20
4435,28
4435,34
4436,32
4436,96
4437,46
4437,75
4438,17
4441,26
4441,91
4441,98
4443,34
4443,53
4444,41
4445,6
4446,4
4446,38
4446,68
4447,13
4448,5
4448,36
4449,5
4449,67
4449,68
4451,58
4453,39
4454,16
4454,72
4455,50
4455,72
4455,96
4456,11
4456,90
4456,91
4457,67
4459,24
4459,29
4459,32
4459,81
4460,23
4461,81
4463,3
4463,4
4465,29
4466,3
4466,95
4468,4
4470,8
4470,25
4471,81
4471,84
4473,37
4475,46
4475,77
4476,71
4479,55
4481,40
4481,52
4482,8
4482,10
4482,38
4484,25
4486,55
4486,93
4487,23
4490,3
4491,51
4494,32
4494,39
4494,44
4495,33
4495,93
4496,34
4497,81
4498,22
4498,90
4498,92
4500,18
4500,22
4502,79
4503,17
4503,55
4505,11
4505,26
4505,79
4506,21
4506,87
4507,16
4508,13
4508,83
4509,95
4511,42
4512,17
4512,54
4513,29
4513,31
4516,4
4516,13
4516,38
4517,80
4519,80
4521,17
4521,29
4522,79
4523,19
4524,84
4527,28
4527,76
4528,53
4528,79
4529,35
4531,84
4531,91
4532,21
4532,95
4535,38
4535,58
4538,61
4539,34
4542,88
4543,40
4544,2
4544,93
4546,3
4546,11
4546,29
4546,42
4547,69
4548,32
4548,72
4549,49
4549,79
4550,8
4550,22
4550,83
4550,99
4551,67
4552,90
4553,8
4553,10
4555,59
4556,40
4557,21
4557,26
4557,35
4557,72
4557,87
4560,49
4562,47
4563,25
4563,80
4565,26
4565,91
4567,2
4567,33
4567,63
4569,80
4570,67
4571,84
4572,71
4573,72
4574,82
4576,34
4577,14
4578,86
4579,1
4579,8
4579,16
4579,20
4579,60
4579,74
4579,87
4580,20
4580,68
4581,55
4581,74
4586,98
4587,21
4587,53
4589,57
4589,88
4589,99
4591,51
4591,73
4593,23
4593,49
4595,3
4595,58
4595,71
4595,84
4596,63
4597,18
4598,4
4598,35
4599,12
4599,49
4601,47
4601,48
4603,24
4603,56
4603,97
4604,44
4606,40
4606,85
4609,49
4609,97
4610,10
4612,99
4615,53
4617,30
4617,77
4617,81
4617,98
4621,15
4621,95
4622,54
4625,92
4628,50
4628,89
4629,52
4630,14
4630,57
4630,92
4631,5
4631,7
4633,30
4635,47
4636,81
4637,22
4637,48
4637,69
4638,21
4638,71
4641,69
4641,100
4642,10
4645,89
4647,49
4647,52
4648,27
4648,45
4654,34
4654,79
4655,27
4655,62
4656,23
4657,37
4658,23
4659,77
4660,4
4660,41
4660,52
4661,35
4663,23
4664,31
4664,64
4664,70
4666,26
4666,40
4666,65
4670,36
4671,70
4672,61
4672,93
4673,9
4674,79
4676,15
4676,45
4676,94
4677,35
4677,54
4678,50
4678,53
4679,80
4681,53
4682,69
4683,54
4684,89
4685,16
4685,23
4685,66
4686,52
4687,93
4688,14
4689,4
4689,53
4689,84
4690,45
4691,23
4693,16
4695,92
4696,69
4697,41
4697,68
4699,78
4699,83
4700,89
4701,49
4702,39
4704,99
4707,51
4711,66
4713,7
4713,97
4714,50
4714,69
4717,93
4717,96
4719,32
4721,75
4723,48
4723,94
4724,13
4725,20
4725,61
4725,67
4726,2
4726,60
4727,68
4730,77
4731,15
4733,13
4733,29
4733,48
4735,44
4737,94
4740,60
4744,43
4745,95
4745,97
4746,80
4747,56
4748,76
4749,57
4749,72
4750,2
4750,10
4751,58
4751,88
4754,82
4755,90
4756,28
4757,90
4758,57
4759,4
4759,8
4761,16
4762,73
4762,91
4770,30
4770,71
4771,56
4772,2
4772,74
4772,80
4774,19
4774,83
4775,47
4776,15
4778,93
4779,15
4779,30
4779,83
4780,22
4780,44
4781,39
4782,14
4782,48
4783,61
4785,87
4786,71
4788,53
4789,59
4789,60
4790,49
4791,4
4791,43
4792,20
4793,4
4793,38
4794,15
4794,55
4795,2
4795,43
4796,20
4797,15
4797,53
4797,63
4797,97
4798,92
4800,100
4801,39
4802,17
4803,10
4804,65
4804,96
4805,12
4806,34
4807,31
4807,62
4808,47
4812,42
4814,43
4814,50
4819,25
4820,53
4821,9
4821,36
4826,98
4827,22
4827,27
4827,73
4827,98
4828,10
4828,74
4829,98
4830,37
4830,38
4831,59
4831,82
4832,27
4833,20
4834,2
4835,52
4835,61
4835,84
4835,86
4837,4
4839,100
4840,31
4841,80
4842,1
4842,12
4842,28
4844,60
4845,88
4846,36
4846,96
4847,5
4849,43
4853,11
4853,26
4854,85
4854,92
4855,4
4855,31
4858,9
4859,26
4859,39
4859,41
4861,61
4862,95
4863,36
4865,28
4866,63
4868,42
4868,46
4869,66
4870,77
4871,45
4872,7
4873,66
4876,81
4877,64
4878,63
4879,42
4879,70
4879,85
4882,48
4883,13
4885,9
4888,21
4888,98
4890,90
4891,4
4892,62
4893,46
4896,2
4896,12
4898,40
4898,53
4901,45
4905,48
4907,39
4909,36
4909,41
4910,17
4910,52
4910,57
4911,5
4911,66
4911,78
4918,54
4919,54
4920,28
4920,30
4920,80
4921,37
4923,100
4924,54
4925,1
4926,43
4927,65
4933,84
4934,6
4934,34
4934,79
4935,71
4936,9
4936,60
4936,67
4936,85
4937,58
4937,67
4937,97
4938,88
4939,66
4940,55
4940,70
4942,9
4942,85
4943,15
4944,6
4946,83
4948,80
4948,99
4950,1
4953,85
4957,17
4958,60
4958,66
4959,2
4959,78
4962,22
4964,20
4964,43
4965,43
4968,34
4968,94
4972,12
4972,72
4973,97
4974,58
4975,72
4976,44
4977,20
4977,48
4978,3
4978,5
4978,60
4978,84
4981,16
4984,13
4985,82
4988,88
4989,94
4990,4
4990,28
4992,81
4993,76
4993,84
4994,27
4994,82
4998,56
4999,59
5000,11
5001,53
5001,58
5001,97
5002,10
5002,86
5003,62
5004,37
5004,89
5005,11
5007,64
5008,48
5008,79
5009,63
5013,74
5014,54
5014,57
5014,64
5016,46
5019,9
5020,7
5021,71
5023,68
5024,18
5024,34
5024,82
5025,54
5027,11
5027,13
5027,22
5028,50
5029,98
5030,75
5034,16
5035,9
5035,66
5038,3
5043,96
5047,87
5048,30
5049,8
5049,22
5049,36
5049,63
5050,48
5050,66
5052,98
5053,28
5053,79
5054,49
5054,96
5054,99
5056,3
5057,3
5057,75
5057,92
5058,54
5060,5
5060,8
5061,59
5061,91
5063,32
5064,66
5065,65
5065,70
5066,20
5066,84
5066,94
5066,97
5067,61
5069,38
5071,74
5072,31
5072,58
5073,59
5073,61
5074,3
5074,34
5074,91
5074,92
5076,27
5076,39
5077,53
5077,68
5077,69
5078,34
5079,17
5079,32
5079,91
5081,2
5083,14
5083,40
5083,55
5084,46
5087,21
5089,44
5091,95
5091,96
5094,59
5097,49
5098,98
5103,77
5104,59
5104,80
5105,7
5105,62
5107,88
5108,69
5109,88
5111,8
5112,5
5112,17
5112,98
5113,86
5114,61
5115,45
5117,68
5118,88
5119,9
5122,14
5122,95
5123,28
5125,14
5125,41
5126,61
5127,65
5128,90
5133,26
5134,91
5135,27
5136,7
5137,26
5140,4
5140,35
5140,65
5140,88
5141,14
5141,27
5143,6
5144,6
5144,58
5145,85
5146,9
5146,99
5147,29
5149,99
5150,22
5152,92
5153,72
5155,51
5155,66
5155,81
5158,38
5161,29
5163,95
5166,43
5167,66
5168,2
5169,42
5170,73
5171,45
5172,36
5172,50
5173,47
5176,62
5177,3
5178,100
5179,41
5180,56
5183,1
5183,46
5184,8
5185,7
5185,58
5185,72
5189,65
5190,29
5190,93
5192,22
5194,53
5194,86
5196,50
5197,3
5198,32
5198,62
5199,6
5199,29
5199,42
5199,73
5200,19
5200,75
5201,20
5201,66
5201,92
5202,39
5205,25
5207,33
5207,44
5207,61
5210,39
5211,32
5211,91
5211,95
5212,61
5213,14
5213,51
5213,74
5213,92
5214,51
5216,38
5217,36
5217,75
5220,17
5221,5
5221,62
5222,35
5222,43
5223,36
5223,45
5223,78
5224,30
5225,6
5225,18
5225,29
5226,24
5226,82
5228,49
5228,91
5230,13
5231,1
5234,74
5235,58
5236,61
5236,80
5239,22
5239,40
5240,94
5243,29
5244,60
5246,91
5247,1
5247,85
5248,32
5248,49
5248,97
5249,22
5249,77
5251,7
5251,18
5251,30
5252,27
5254,18
5254,38
5255,60
5255,70
5255,94
5256,24
5256,58
5262,91
5263,37
5264,18
5264,44
5265,81
5265,98
5271,10
5271,33
5272,14
5272,49
5272,74
5272,96
5274,28
5275,74
5276,81
5276,96
5277,55
5281,52
5282,33
5283,27
5283,62
5283,82
5283,91
5284,39
5285,60
5285,82
5286,6
5286,40
5288,66
5289,61
5290,89
5291,42
5291,100
5292,8
5293,67
5294,70
5295,79
5296,23
5296,47
5297,98
5298,8
5298,15
5302,60
5302,86
5304,31
5304,89
5305,46
5306,2
5307,40
5308,11
5308,52
5310,27
5310,28
5311,4
5311,50
5311,56
5311,64
5315,50
5315,59
5315,74
5316,18
5320,90
5321,2
5323,44
5323,68
5323,96
5324,67
5325,40
5325,80
5326,11
5327,4
5330,29
5330,43
5330,73
5331,8
5333,75
5334,73
5335,98
5337,11
5337,97
5339,22
5341,60
5341,66
5341,98
5343,30
5343,37
5343,59
5344,88
5346,43
5347,40
5347,81
5350,32
5350,91
5351,51
5351,86
5352,64
5352,79
5353,100
5355,68
5357,92
5359,78
5360,3
5361,54
5361,74
5362,24
5362,28
5362,100
5363,13
5364,63
5364,91
5365,1
5366,81
5367,83
5368,11
5368,93
5369,22
5369,77
5370,63
5371,49
5371,51
5372,43
5373,38
5373,62
5373,67
5376,2
5376,15
5376,39
5376,77
5377,45
5377,76
5379,32
5380,24
5380,93
5381,82
5382,52
5382,55
5383,35
5385,16
5385,27
5385,94
5386,23
5388,43
5389,9
5390,75
5391,13
5392,60
5394,40
5394,89
5395,19
5395,43
5398,20
5399,33
5400,7
5401,34
5401,92
5402,40
5403,23
5403,39
5403,41
5404,70
5405,55
5405,77
5407,30
5408,86
5409,9
5412,38
5412,97
5414,45
5414,93
5416,70
5418,3
5423,9
5423,58
5423,100
5424,43
5424,57
5425,82
5427,7
5427,78
5428,31
5428,33
5428,69
5429,70
5431,53
5431,75
5432,4
5432,12
5432,99
5433,13
5434,34
5436,84
5438,73
5440,8
5442,84
5444,6
5444,10
5445,26
5447,13
5448,85
5449,83
5450,72
5450,82
5451,28
5451,74
5454,3
5455,18
5455,24
5455,100
5456,48
5456,69
5457,61
5458,5
5461,48
5461,66
5462,43
5462,45
5463,66
5465,54
5466,81
5467,71
5471,54
5471,74
5472,12
5472,19
5472,74
5472,84
5475,53
5475,56
5476,7
5477,11
5480,45
5480,55
5482,61
5483,8
5483,16
5484,21
5485,44
5485,60
5487,10
5487,70
5489,69
5490,51
5490,99
5491,14
5491,29
5492,38
5494,27
5499,75
5500,11
5500,52
5501,2
5501,8
5501,37
5502,14
5504,59
5504,99
5506,54
5506,57
5507,86
5508,68
5509,26
5509,39
5511,30
5512,16
5513,84
5514,30
5514,77
5516,73
5516,78
5516,90
5518,58
5519,32
5520,9
5521,17
5521,75
5522,95
5523,8
5523,19
5523,65
5525,49
5525,57
5528,56
5528,74
5528,80
5528,90
5530,22
5530,92
5531,86
5532,31
5532,67
5534,29
5534,78
5535,43
5535,72
5535,80
5535,84
5538,32
5539,29
5541,38
5542,7
5542,8
5542,28
5543,6
5543,98
5544,44
5545,75
5545,82
5546,42
5546,90
5546,91
5547,72
5548,83
5548,93
5548,100
5550,63
5551,7
5551,54
5554,96
5555,1
5555,27
5555,41
5556,48
5556,56
5557,42
5557,95
5560,47
5561,32
5562,85
5562,86
5563,26
5564,28
5564,38
5565,46
5567,68
5569,77
5570,21
5570,32
5570,79
5571,65
5571,79
5571,98
5572,33
5575,1
5575,80
5576,31
5579,61
5580,63
5581,4
5581,58
5582,7
5582,85
5583,30
5583,98
5585,34
5586,12
5586,74
5588,52
5589,13
5589,21
5589,31
5589,58
5593,72
5597,15
5597,17
5599,13
5599,48
5600,24
5601,87
5602,81
5604,10
5606,91
5608,70
5610,57
5613,80
5614,44
5616,43
5618,48
5620,51
5620,95
5622,35
5623,94
5625,30
5626,40
5626,66
5627,12
5627,67
5629,89
5630,18
5631,97
5633,44
5633,80
5634,9
5635,55
5636,70
5638,29
5638,72
5639,37
5640,70
5641,8
5641,10
5641,42
5641,51
5642,37
5642,75
5644,62
5644,78
5646,17
5647,8
5650,22
5651,62
5652,59
5653,38
5653,42
5653,68
5654,40
5654,46
5655,20
5655,54
5655,100
5656,45
5656,72
5656,83
5657,5
5658,5
5658,58
5660,20
5660,32
5661,91
5662,29
5663,84
5663,94
5664,61
5664,68
5664,90
5666,24
5667,26
5668,67
5668,95
5669,30
5669,95
5670,56
5671,11
5671,97
5672,23
5672,29
5672,76
5674,44
5674,87
5675,15
5677,11
5677,78
5678,76
5679,93
5680,49
5680,51
5680,58
5681,46
5682,24
5682,32
5682,61
5682,67
5682,79
5683,48
5683,67
5683,92
5685,55
5686,12
5687,49
5693,57
5693,58
5696,17
5697,20
5698,89
5699,97
5700,20
5701,23
5701,72
5703,93
5707,100
5708,66
5710,39
5711,4
5715,27
5718,46
5718,69
5719,96
5720,35
5721,27
5722,4
5722,13
5724,60
5725,21
5727,69
5728,39
5731,86
5732,83
5734,41
5736,58
5737,1
5737,44
5738,17
5738,92
5740,22
5742,47
5743,69
5745,30
5745,45
5745,52
5747,77
5748,20
5748,33
5748,58
5749,19
5751,23
5751,59
5754,84
5754,98
5756,40
5757,88
5758,83
5759,30
5759,70
5760,15
5760,24
5760,59
5762,17
5764,89
5766,21
5768,66
5768,77
5769,53
5773,39
5773,56
5774,97
5776,27
5776,86
5777,26
5779,71
5782,21
5785,84
5786,93
5787,14
5791,79
5792,48
5793,90
5794,30
5797,13
5797,20
5798,6
5798,42
5798,80
5800,74
5800,80
5800,88
5801,10
5801,37
5801,78
5802,59
5803,8
5803,22
5805,82
5806,12
5810,22
5811,57
5811,79
5814,26
5814,97
5815,99
5816,79
5816,95
5818,83
5819,71
5819,98
5820,2
5821,9
5821,17
5821,32
5821,78
5822,29
5822,31
5823,45
5824,54
5825,79
5826,13
5828,54
5828,66
5829,26
5830,76
5832,19
5832,71
5833,2
5835,79
5836,34
5837,95
5838,5
5838,40
5841,71
5843,45
5843,49
5843,53
5844,70
5845,1
5847,58
5847,66
5848,80
5848,100
5852,68
5854,8
5857,75
5857,95
5859,82
5859,85
5861,11
5861,28
5862,6
5862,57
5862,93
5863,21
5863,40
5866,44
5866,64
5868,22
5870,43
5872,66
5876,42
5878,3
5879,19
5880,57
5880,92
5881,38
5882,14
5883,53
5883,72
5884,16
5885,26
5887,32
5888,3
5889,72
5891,6
5892,27
5893,27
5894,20
5895,73
5896,46
5896,51
5896,56
5897,2
5900,71
5901,22
5901,51
5902,88
5906,93
5911,11
5912,89
5913,61
5914,38
5915,31
5915,63
5915,72
5915,82
5916,29
5917,45
5917,76
5918,33
5918,94
5920,11
5920,18
5921,86
5922,46
5925,80
5928,67
5929,1
5930,76
5931,93
5933,13
5934,54
5935,15
5935,97
5936,34
5937,8
5937,15
5937,57
5938,51
5938,68
5938,91
5940,45
5940,64
5942,3
5943,1
5943,41
5944,13
5944,35
5944,60
5946,68
5947,74
5949,26
5950,30
5950,86
5951,15
5951,25
5953,70
5953,81
5954,80
5956,77
5959,65
5959,93
5961,4
5963,53
5963,75
5963,99
5964,58
5966,7
5966,58
5967,60
5968,100
5969,76
5970,22
5970,26
5970,96
5971,20
5972,37
5973,12
5973,29
5974,17
5974,40
5974,94
5977,73
5977,79
5978,80
5979,20
5981,22
5981,75
5985,74
5986,47
5987,85
5990,5
5990,28
5990,35
5990,84
5991,10
5993,19
5993,30
5993,79
5994,5
5995,34
5995,81
5996,8
6001,6
6001,7
6002,11
6002,54
6003,59
6004,63
6007,8
6009,6
6009,41
6011,79
6012,27
6013,29
6013,30
6016,22
6018,43
6021,32
6022,52
6023,48
6023,57
6024,42
6024,58
6026,13
6026,41
6026,81
6027,12
6027,35
6028,75
6028,94
6029,20
6031,38
6032,58
6032,68
6033,15
6033,76
6034,62
6036,73
6044,50
6045,85
6046,24
6046,59
6048,42
6050,57
6051,17
6052,19
6052,92
6053,12
6053,40
6055,21
6055,32
6055,95
6056,17
6061,5
6061,59
6062,34
6062,40
6062,94
6063,29
6063,41
6063,78
6064,19
6064,82
6065,42
6066,92
6070,88
6071,40
6072,20
6073,69
6074,38
6075,20
6076,3
6076,8
6077,1
6077,61
6078,10
6080,50
6080,60
6080,74
6081,21
6081,32
6082,44
6083,42
6085,70
6087,4
6087,100
6089,28
6089,41
6089,72
6091,76
6092,80
6092,88
6093,3
6093,13
6096,35
6097,66
6098,41
6099,2
6099,44
6100,43
6101,14
6101,34
6101,67
6101,89
6102,1
6105,18
6105,35
6107,10
6107,50
6107,56
6108,61
6108,76
6109,16
6109,48
6110,17
6111,2
6111,19
6111,55
6111,65
6113,40
6113,64
6117,3
6117,35
6118,12
6118,49
6119,96
6120,84
6121,51
6122,9
6122,37
6123,6
6124,48
6128,56
6129,42
6129,87
6132,13
6134,44
6134,63
6134,90
6135,96
6136,30
6138,51
6139,74
6140,78
6142,14
6143,54
6145,38
6146,30
6147,15
6147,20
6148,75
6148,80
6149,45
6150,84
6151,46
6152,10
6153,4
6153,17
6154,8
6154,9
6155,71
6156,71
6159,74
6159,98
6160,79
6163,35
6164,98
6165,1
6165,30
6166,31
6170,53
6171,12
6171,39
6171,55
6171,60
6172,30
6175,88
6176,14
6177,71
6180,33
6181,24
6182,15
6182,20
6182,57
6184,2
6184,28
6185,4
6187,16
6187,52
6188,13
6189,45
6190,26
6190,36
6191,16
6191,42
6191,92
6192,48
6192,65
6193,28
6193,97
6194,8
6195,84
6195,98
6196,6
6196,26
6197,72
6198,4
6199,59
6201,82
6202,49
6203,18
6204,77
6211,98
6213,80
6213,86
6214,85
6214,91
6215,98
6216,12
6217,23
6222,43
6223,40
6224,21
6224,26
6225,21
6226,76
6227,5
6229,65
6229,66
6231,8
6231,84
6232,52
6234,92
6235,27
6235,41
6235,42
6235,43
6237,31
6237,46
6237,58
6238,57
6239,51
6239,82
6240,58
6241,44
6241,70
6241,83
6242,81
6243,29
6243,38
6243,48
6243,59
6244,54
6247,32
6248,19
6250,69
6252,92
6255,2
6255,37
6255,53
6255,82
6256,68
6257,79
6257,89
6258,1
6258,29
6259,25
6259,76
6261,27
6261,34
6261,39
6263,14
6265,50
6265,85
6266,23
6266,62
6267,6
6268,27
6268,29
6270,32
6271,64
6273,64
6274,28
6275,30
6276,11
6276,49
6276,92
6278,79
6280,38
6280,84
6281,50
6285,31
6287,45
6288,42
6288,50
6289,53
6289,65
6290,6
6292,56
6293,3
6294,3
6294,12
6296,3
6298,86
6299,65
6300,41
6301,8
6302,95
6303,32
6304,74
6309,71
6312,89
6314,81
6317,64
6319,19
6320,1
6320,69
6323,97
6326,9
6326,95
6327,21
6327,28
6327,83
6328,84
6329,49
6329,67
6329,78
6330,35
6333,37
6333,73
6334,47
6335,2
6336,8
6336,98
6337,19
6337,62
6338,26
6338,41
6341,15
6342,22
6342,83
6346,87
6347,94
6350,15
6352,34
6352,63
6352,84
6352,86
6357,11
6357,64
6358,12
6359,51
6360,14
6360,37
6361,43
6361,51
6364,31
6364,56
6364,62
6366,29
6366,45
6367,13
6367,91
6369,1
6370,37
6370,52
6372,1
6372,68
6372,77
6372,97
6373,22
6373,96
6374,69
6375,11
6377,20
6377,73
6379,77
6381,6
6381,31
6382,48
6382,76
6383,92
6384,31
6384,41
6384,50
6385,5
6385,7
6385,13
6388,3
6389,31
6389,90
6389,97
6391,86
6392,31
6393,56
6394,12
6394,98
6395,14
6396,37
6398,54
6399,40
6400,18
6401,33
6401,47
6402,68
6403,6
6403,18
6403,47
6403,56
6403,76
6407,68
6408,1
6408,53
6410,9
6410,34
6410,52
6412,22
6412,72
6414,79
6415,66
6415,77
6416,14
6417,17
6418,6
6418,23
6419,5
6419,78
6419,94
6421,94
6423,100
6425,37
6427,58
6427,66
6429,42
6430,24
6436,58
6436,60
6437,18
6438,41
6439,89
6439,98
6440,49
6440,73
6446,95
6447,86
6448,54
6448,88
6450,47
6451,13
6454,13
6455,9
6457,53
6457,74
6458,2
6460,54
6460,98
6461,82
6463,1
6463,23
6465,47
6467,51
6467,62
6469,84
6470,41
6473,23
6476,19
6480,47
6480,83
6482,63
6483,65
6486,27
6487,8
6488,8
6488,53
6488,82
6489,13
6489,27
6489,58
6491,35
6492,24
6493,82
6495,100
6496,92
6497,17
6497,98
6498,73
6499,14
6499,17
6499,59
6500,14
6500,41
6502,64
6503,4
6505,9
6505,13
6505,47
6507,79
6508,25
6508,51
6509,47
6510,23
6510,54
6513,16
6513,74
6514,14
6515,83
6516,93
6517,46
6522,18
6522,44
6522,76
6522,83
6526,24
6526,26
6529,9
6529,65
6529,84
6531,5
6532,24
6532,29
6532,56
6534,85
6535,37
6536,28
6539,80
6540,42
6541,50
6541,85
6542,14
6542,69
6544,7
6544,66
6545,19
6548,40
6549,40
6550,19
6551,19
6551,32
6551,71
6552,94
6553,20
6553,54
6556,37
6556,72
6556,79
6557,67
6557,70
6558,75
6559,85
6560,9
6561,45
6562,30
6562,74
6564,90
6565,95
6566,98
6567,46
6570,78
6572,27
6573,69
6574,51
6575,77
6576,26
6576,51
6580,20
6581,97
6581,99
6582,6
6582,35
6582,51
6584,69
6584,96
6587,46
6590,38
6592,43
6593,12
6593,93
6595,28
6596,98
6597,21
6597,58
6598,66
6600,14
6601,15
6601,77
6602,29
6604,16
6604,84
6605,10
6605,35
6605,83
6606,73
6607,96
6608,40
6609,69
6609,100
6611,52
6612,16
6614,84
6615,50
6618,27
6619,92
6620,57
6622,23
6623,65
6627,60
6629,80
6632,2
6632,34
6634,4
6634,12
6634,86
6635,31
6636,75
6638,26
6640,74
6642,63
6646,3
6646,79
6647,4
6647,21
6647,83
6648,47
6650,33
6650,56
6650,66
6652,40
6654,39
6656,62
6657,64
6657,65
6657,93
6658,6
6661,84
6662,1
6662,67
6662,74
6664,23
6667,17
6668,20
6668,59
6668,75
6672,78
6675,53
6677,36
6678,37
6679,90
6680,74
6683,14
6683,19
6683,36
6684,12
6684,54
6684,60
6685,97
6688,65
6690,39
6690,96
6691,2
6694,86
6695,11
6696,87
6699,85
6699,90
6700,6
6700,11
6700,83
6701,79
6703,88
6707,25
6707,40
6707,76
6709,33
6709,62
6709,89
6710,13
6710,85
6711,12
6711,32
6711,95
6712,19
6712,59
6713,15
6714,23
6715,18
6716,2
6717,14
6718,36
6719,28
6719,93
6720,76
6721,76
6722,37
6722,72
6723,72
6723,85
6725,30
6725,53
6725,97
6727,49
6728,64
6729,70
6730,34
6734,10
6734,57
6734,88
6735,77
6737,81
6738,15
6738,53
6740,84
6742,18
6742,70
6742,82
6743,76
6744,96
6745,97
6746,99
6747,80
6747,86
6748,8
6748,70
6750,26
6750,37
6750,76
6752,29
6752,71
6753,63
6754,79
6755,38
6755,85
6756,95
6758,74
6758,90
6758,96
6760,5
6760,73
6761,19
6762,38
6762,57
6763,12
6763,66
6765,94
6768,21
6768,33
6769,19
6771,62
6772,18
6779,83
6780,31
6781,34
6784,79
6784,93
6786,31
6786,67
6786,84
6787,77
6788,16
6789,8
6789,20
6789,79
6790,77
6791,20
6792,34
6793,35
6796,40
6796,69
6799,27
6799,81
6800,27
6801,80
6801,92
6801,99
6802,47
6803,27
6804,21
6805,12
6805,20
6806,10
6806,24
6807,49
6808,60
6808,61
6809,73
6810,100
6811,31
6812,45
6812,89
6813,1
6815,87
6815,100
6818,13
6819,3
6819,32
6821,55
6822,92
6823,25
6823,87
6825,28
6827,1
6827,71
6827,90
6829,8
6833,94
6834,71
6835,89
6836,3
6837,84
6838,42
6839,87
6841,7
6842,84
6843,94
6845,34
6846,44
6846,68
6847,5
6847,87
6849,75
6850,20
6851,43
6851,47
6851,94
6853,72
6854,38
6855,49
6857,13
6857,15
6858,99
6860,28
6860,92
6862,13
6862,66
6862,70
6868,3
6868,10
6868,30
6868,50
6868,51
6868,89
6869,97
6870,16
6871,23
6871,39
6871,53
6873,29
6874,10
6874,23
6876,19
6876,21
6878,76
6882,47
6882,65
6882,99
6882,100
6883,83
6883,90
6884,42
6887,55
6889,75
6890,30
6892,91
6894,8
6894,57
6894,70
6895,11
6895,33
6896,95
6898,77
6899,69
6900,13
6900,48
6900,91
6901,21
6901,65
6901,95
6902,41
6903,31
6904,93
6906,58
6907,2
6909,23
6909,79
6909,98
6910,61
6911,32
6911,81
6913,15
6913,55
6913,99
6917,46
6919,56
6922,4
6922,53
6922,62
6924,24
6927,11
6927,19
6927,40
6929,4
6931,40
6934,77
6935,2
6935,33
6936,41
6936,49
6938,59
6942,100
6943,16
6944,31
6945,75
6947,10
6948,51
6949,6
6949,32
6950,40
6952,77
6954,8
6954,22
6954,47
6955,35
6956,94
6958,9
6960,65
6960,83
6961,74
6961,95
6962,35
6963,38
6965,1
6965,74
6967,19
6968,31
6968,38
6969,50
6969,70
6971,28
6972,6
6974,13
6975,76
6975,88
6976,3
6976,83
6979,34
6979,55
6979,72
6980,9
6980,75
6981,47
6983,33
6984,55
6984,77
6985,32
6986,52
6986,77
6986,82
6987,44
6988,75
6989,35
6990,97
6992,32
6993,19
6993,21
6994,51
6998,58
7000,9
7000,84
7001,22
7002,2
7002,31
7002,81
7003,35
7005,46
7005,84
7006,58
7007,37
7009,29
7011,81
7012,17
7012,97
7013,24
7014,21
7018,77
7019,19
7022,71
7023,27
7023,48
7023,86
7024,70
7024,96
7025,46
7025,76
7026,33
7026,40
7028,16
7028,54
7031,41
7033,97
7034,44
7035,2
7035,22
7035,51
7035,94
7037,19
7040,56
7040,58
7041,36
7041,52
7042,17
7044,7
7045,52
7046,18
7047,45
7048,13
7050,67
7052,47
7052,77
7052,78
7053,96
7053,100
7054,51
7055,47
7055,58
7056,52
7057,2
7057,78
7058,89
7059,34
7059,68
7061,76
7061,95
7062,77
7063,13
7063,85
7064,7
7064,83
7066,27
7067,74
7068,44
7070,66
7071,85
7071,91
7072,30
7073,20
7074,78
7075,63
7076,4
7079,15
7081,38
7083,44
7085,13
7085,16
7087,42
7088,22
7090,38
7090,95
7093,17
7094,15
7094,39
7095,20
7095,51
7096,74
7097,98
7099,98
7100,48
7102,24
7105,51
7105,69
7106,91
7107,59
7107,77
7107,92
7109,47
7110,50
7112,96
7113,10
7113,90
7114,10
7115,18
7115,36
7115,43
7115,50
7117,87
7118,51
7123,88
7126,11
7126,60
7126,84
7127,68
7128,41
7130,27
7130,59
7130,65
7131,15
7131,54
7132,36
7134,32
7134,72
7137,61
7139,18
7143,25
7143,43
7144,28
7144,30
7144,88
7145,15
7145,25
7145,61
7146,31
7147,41
7149,24
7150,51
7151,19
7152,47
7152,56
7154,35
7154,58
7154,73
7154,82
7156,38
7157,22
7157,58
7161,66
7163,8
7164,26
7165,9
7166,63
7166,92
7170,10
7170,64
7170,90
7171,56
7172,66
7174,7
7174,83
7175,2
7175,41
7176,68
7176,70
7176,94
7177,27
7177,94
7179,61
7180,13
7183,65
7185,30
7185,60
7187,52
7187,53
7188,68
7188,78
7190,14
7191,32
7191,91
7193,50
7193,67
7193,79
7194,24
7194,59
7195,75
7195,81
7196,1
7196,47
7197,26
7197,84
7199,3
7199,75
7200,26
7200,49
7200,79
7201,44
7201,81
7203,36
7207,3
7207,16
7207,28
7208,16
7208,18
7208,38
7208,47
7209,34
7211,59
7213,59
7213,74
7214,22
7214,23
7214,74
7214,79
7214,91
7216,38
7219,47
7219,79
7221,13
7222,38
7223,23
7225,45
7228,80
7229,23
7230,93
7232,69
7233,2
7234,55
7235,76
7236,89
7239,67
7242,100
7243,31
7243,51
7245,29
7245,32
7250,27
7250,81
7251,11
7251,29
7251,94
7252,26
7253,59
7255,97
7256,49
7256,87
7257,22
7257,28
7257,44
7259,25
7259,39
7261,61
7261,89
7262,53
7263,38
7263,64
7264,20
7265,7
7266,3
7266,92
7266,96
7267,54
7268,55
7270,40
7270,92
7273,7
7275,41
7275,93
7276,65
7276,86
7279,31
7281,56
7283,69
7286,15
7286,20
7286,36
7286,67
7286,93
7287,36
7287,81
7290,49
7291,49
7293,75
7294,20
7294,74
7294,89
7295,17
7297,67
7297,82
7297,85
7298,72
7298,85
7298,97
7300,27
7300,71
7301,89
7302,12
7302,79
7303,17
7304,49
7304,98
7305,8
7305,9
7305,47
7306,46
7308,15
7308,72
7311,49
7311,62
7312,44
7313,91
7314,100
7317,9
7317,43
7317,56
7317,93
7319,74
7320,23
7321,2
7321,50
7322,58
7322,59
7323,14
7323,47
7327,40
7328,25
7328,36
7329,91
7332,1
7332,4
7332,21
7332,35
7332,95
7333,73
7335,49
7337,67
7338,36
7338,46
7339,36
7342,60
7344,8
7344,48
7345,32
7350,56
7350,65
7352,33
7352,40
7354,5
7354,85
7356,85
7357,32
7357,38
7358,94
7364,17
7364,44
7364,75
7365,35
7365,84
7368,81
7371,94
7372,70
7372,71
7372,86
7373,64
7373,88
7373,91
7374,3
7374,18
7374,98
7375,79
7378,55
7384,50
7384,71
7386,37
7386,91
7388,73
7390,15
7390,37
7390,60
7393,29
7393,30
7393,91
7394,40
7395,8
7395,35
7398,26
7399,38
7400,43
7400,79
7402,61
7403,25
7404,35
7404,42
7406,83
7409,19
7409,53
7411,31
7411,46
7412,71
7412,88
7415,69
7416,9
7416,31
7416,82
7422,61
7422,88
7423,52
7424,5
7424,32
7425,22
7426,34
7427,43
7427,65
7428,15
7428,57
7432,39
7435,13
7436,7
7436,65
7437,30
7438,48
7438,81
7441,3
7444,74
7446,54
7448,62
7448,83
7449,28
7450,31
7451,28
7451,46
7452,67
7454,54
7454,70
7456,34
7457,58
7457,77
7457,89
7458,24
7460,72
7460,88
7462,58
7462,64
7463,29
7463,87
7464,25
7465,56
7465,57
7466,69
7466,81
7466,97
7467,10
7471,94
7471,98
7473,52
7475,89
7479,30
7480,14
7481,81
7481,90
7482,12
7482,55
7484,57
7486,81
7488,34
7491,58
7494,35
7494,69
7495,55
7496,9
7496,34
7497,1
7497,18
7498,68
7499,96
7500,58
7501,24
7503,30
7503,47
7503,89
7503,93
7507,34
7508,96
7509,70
7509,95
7510,33
7510,54
7511,1
7511,40
7512,64
7513,32
7514,23
7516,69
7517,3
7517,70
7518,5
7518,38
7518,63
7519,34
7519,81
7522,97
7523,38
7524,25
7525,58
7526,92
7527,17
7528,69
7529,24
7529,31
7529,90
7529,100
7532,8
7532,40
7534,2
7534,87
7535,29
7538,14
7539,3
7539,38
7543,45
7545,24
7545,36
7545,94
7546,4
7546,20
7546,61
7547,24
7548,9
7548,85
7549,45
7549,99
7551,3
7553,19
7553,28
7554,87
7556,42
7557,4
7558,16
7559,19
7560,9
7561,29
7563,99
7564,77
7565,22
7565,86
7567,19
7567,21
7568,64
7572,9
7573,12
7573,72
7573,81
7575,5
7575,50
7576,2
7577,45
7577,95
7579,1
7579,38
7579,49
7581,23
7581,96
7583,38
7583,81
7584,8
7584,16
7588,37
7589,16
7589,55
7589,87
7590,10
7590,25
7592,14
7594,40
7594,83
7595,35
7596,96
7597,64
7600,7
7600,12
7602,73
7604,16
7604,33
7604,36
7605,60
7606,7
7607,16
7607,49
7608,16
7611,20
7612,78
7613,14
7616,54
7618,73
7618,95
7621,7
7622,74
7625,1
7626,76
7626,86
7627,73
7628,35
7630,5
7630,6
7630,30
7631,80
7633,54
7634,18
7636,82
7641,43
7642,15
7642,83
7642,91
7643,11
7646,29
7646,35
7649,6
7649,52
7649,82
7650,33
7651,25
7651,30
7652,91
7653,67
7654,66
7656,30
7656,78
7657,72
7657,93
7657,96
7658,49
7660,11
7662,100
7663,69
7663,96
7665,97
7666,5
7666,63
7666,74
7667,62
7668,19
7669,9
7670,76
7670,100
7672,68
7672,94
7673,18
7674,72
7674,83
7676,57
7676,79
7676,91
7676,94
7677,9
7680,31
7680,92
7682,30
7682,56
7683,80
7683,84
7684,9
7684,17
7684,84
7685,68
7686,33
7686,34
7687,11
7687,29
7687,43
7688,21
7691,95
7692,41
7693,25
7694,39
7695,25
7696,20
7696,94
7699,66
7700,96
7703,74
7704,74
7706,2
7708,12
7708,47
7709,26
7710,20
7710,52
7711,26
7711,60
7712,8
7713,57
7714,24
7716,40
7717,23
7717,60
7717,62
7717,93
7719,40
7719,48
7719,76
7719,82
7719,83
7720,79
7720,86
7721,14
7723,11
7723,37
7724,12
7724,49
7726,36
7726,67
7727,46
7729,20
7731,15
7731,37
7731,39
7731,83
7732,65
7732,97
7733,4
7733,16
7733,53
7736,80
7737,82
7738,7
7738,91
7740,87
7741,1
7741,71
7743,84
7745,61
7745,80
7746,32
7746,83
7747,26
7747,44
7748,18
7748,32
7748,79
7749,65
7749,87
7752,33
7753,16
7753,52
7754,13
7754,55
7754,87
7755,36
7756,5
7758,3
7758,19
7758,90
7761,47
7762,68
7762,74
7763,31
7763,63
7763,78
7763,87
7764,32
7764,48
7765,47
7765,91
7766,71
7767,96
7768,29
7769,90
7770,25
7770,46
7772,40
7772,54
7774,10
7776,41
7776,85
7777,28
7779,61
7780,100
7781,24
7781,97
7782,24
7782,26
7783,67
7784,31
7784,49
7785,1
7787,30
7788,16
7788,45
7789,2
7791,23
7791,98
7792,92
7795,5
7795,21
7795,99
7797,6
7797,24
7798,40
7798,84
7799,43
7800,65
7803,22
7804,46
7805,70
7806,23
7808,11
7809,48
7809,77
7810,54
7810,99
7811,78
7812,48
7813,37
7813,95
7815,77
7816,57
7818,31
7820,64
7821,61
7822,13
7822,86
7822,98
7824,36
7825,7
7825,76
7829,91
7832,16
7833,16
7833,23
7835,35
7835,67
7836,71
7836,73
7837,52
7837,87
7839,38
7839,89
7840,100
7841,34
7842,7
7842,21
7842,40
7842,80
7844,19
7844,23
7844,51
7846,95
7847,48
7847,64
7847,86
7849,1
7851,40
7852,10
7854,49
7855,21
7856,88
7857,56
7858,71
7859,6
7860,92
7861,3
7861,33
7861,88
7864,19
7864,62
7864,82
7865,17
7866,24
7866,91
7867,21
7868,45
7868,46
7868,64
7871,7
7871,94
7872,6
7872,7
7873,43
7874,40
7874,52
7874,71
7876,25
7876,93
7877,71
7878,72
7879,30
7880,19
7880,41
7880,62
7882,45
7882,95
7883,70
7884,10
7884,16
7884,22
7884,36
7884,59
7884,83
7884,98
7885,71
7887,20
7888,60
7890,27
7890,30
7890,59
7891,53
7892,37
7892,60
7893,69
7896,1
7896,75
7896,96
7897,11
7897,54
7898,15
7900,25
7900,95
7902,16
7902,43
7903,3
7903,56
7905,60
7905,61
7906,10
7907,31
7910,60
7910,100
7912,69
7917,40
7918,67
7919,58
7919,83
7921,71
7923,62
7923,68
7925,30
7925,60
7926,40
7928,3
7929,91
7931,25
7933,19
7933,32
7933,81
7934,3
7935,17
7935,26
7937,14
7938,30
7938,67
7941,59
7945,23
7947,39
7947,71
7950,69
7953,73
7954,45
7955,29
7955,61
7955,68
7955,83
7957,45
7960,26
7960,36
7960,87
7961,95
7962,19
7962,88
7963,74
7964,65
7965,11
7968,63
7969,53
7970,4
7970,24
7970,43
7971,19
7971,65
7971,86
7974,15
7974,100
7975,17
7976,50
7977,25
7981,52
7982,81
7983,21
7984,79
7989,27
7989,36
7990,85
7990,89
7990,98
7994,53
7997,44
7997,46
7998,38
7998,47
7999,98
8001,13
8001,56
8002,20
8002,74
8011,28
8011,54
8014,1
8014,25
8015,85
8017,77
8018,27
8018,70
8019,60
8021,1
8021,7
8023,75
8024,65
8025,25
8026,46
8028,15
8029,13
8029,97
8030,72
8030,87
8031,32
8033,1
8033,7
8033,57
8037,71
8038,12
8040,93
8043,33
8044,8
8046,54
8047,7
8049,7
8049,51
8051,41
8053,69
8053,94
8055,4
8055,31
8058,80
8059,78
8063,66
8063,96
8065,16
8067,9
8068,14
8068,83
8069,94
8071,18
8075,10
8076,7
8077,28
8078,4
8078,20
8079,69
8081,87
8085,20
8086,8
8086,25
8086,48
8086,91
8088,33
8088,45
8088,81
8090,45
8090,97
8092,58
8092,90
8094,52
8095,43
8098,57
8099,10
8099,44
8100,17
8100,55
8101,2
8101,17
8101,38
8103,43
8104,5
8104,24
8104,80
8105,1
8106,53
8106,91
8107,43
8108,99
8109,9
8109,20
8110,27
8111,78
8112,73
8112,96
8114,10
8114,40
8114,41
8115,9
8116,5
8117,4
8117,64
8118,83
8118,99
8120,36
8120,91
8121,47
8123,17
8123,57
8125,28
8125,31
8125,38
8125,57
8126,62
8126,66
8126,89
8128,25
8128,44
8128,81
8130,65
8132,65
8133,66
8136,6
8136,35
8137,55
8138,31
8138,44
8139,97
8140,3
8140,71
8142,13
8143,17
8143,46
8145,44
8145,89
8146,94
8147,50
8148,4
8149,83
8151,89
8152,24
8152,84
8153,84
8154,27
8155,24
8155,73
8158,48
8158,97
8159,53
8160,70
8161,94
8164,11
8167,42
8167,72
8168,93
8171,36
8171,56
8171,75
8171,81
8171,93
8174,88
8175,63
8176,4
8177,94
8182,28
8182,35
8184,72
8185,9
8185,37
8185,42
8187,29
8187,61
8189,20
8189,58
8189,68
8190,48
8190,89
8191,50
8192,34
8192,90
8193,56
8195,53
8197,12
8197,23
8197,44
8198,47
8199,33
8199,51
8199,68
8201,13
8201,23
8201,83
8201,89
8202,2
8202,27
8202,36
8203,17
8204,14
8205,84
8206,33
8206,93
8207,71
8208,15
8208,32
8210,43
8211,66
8213,22
8213,48
8213,53
8214,26
8215,38
8216,95
8218,57
8219,70
8220,2
8220,13
8223,67
8224,27
8225,56
8225,75
8228,78
8228,85
8230,38
8231,33
8232,67
8233,21
8233,94
8234,45
8234,100
8236,2
8236,12
8236,69
8237,8
8237,67
8237,89
8239,53
8241,32
8242,70
8243,32
8245,72
8247,14
8247,64
8250,81
8251,7
8251,9
8251,46
8252,40
8254,56
8254,72
8255,27
8255,93
8257,84
8261,57
8261,69
8262,9
8262,68
8263,78
8264,45
8266,22
8268,3
8268,60
8269,84
8273,25
8274,13
8274,56
8275,7
8275,47
8275,81
8278,92
8282,14
8282,34
8283,71
8284,56
8284,65
8285,39
8287,2
8289,16
8289,73
8291,95
8293,35
8296,23
8296,77
8297,4
8298,53
8298,96
8300,8
8300,94
8301,38
8302,23
8302,85
8304,83
8305,16
8305,49
8306,32
8309,11
8313,4
8313,84
8314,93
8315,51
8315,79
8316,39
8316,79
8318,82
8320,36
8323,6
8323,48
8324,58
8324,97
8332,81
8334,13
8334,25
8335,22
8336,81
8337,24
8337,85
8338,83
8338,91
8338,92
8340,11
8341,52
8342,75
8343,10
8345,77
8346,15
8348,60
8349,30
8349,57
8349,78
8351,69
8353,60
8356,27
8356,77
8356,86
8358,1
8358,22
8360,24
8361,57
8362,37
8362,49
8362,80
8363,32
8364,28
8365,19
8367,53
8368,12
8368,96
8369,63
8369,70
8369,90
8369,97
8370,51
8371,21
8372,46
8372,75
8373,85
8375,30
8376,23
8376,45
8379,46
8380,53
8380,62
8383,52
8385,41
8386,44
8386,46
8386,74
8387,10
8388,85
8389,66
8390,58
8391,65
8393,81
8394,87
8396,67
8396,93
8398,9
8398,15
8399,26
8400,19
8401,4
8402,81
8404,25
8404,33
8406,51
8406,79
8407,81
8410,4
8412,4
8412,27
8414,60
8415,43
8415,77
8416,13
8416,32
8416,61
8416,68
8418,21
8418,29
8418,36
8418,40
8419,98
8421,61
8421,64
8422,19
8424,99
8426,4
8426,90
8427,55
8427,62
8428,20
8429,45
8429,72
8431,100
8432,18
8432,47
8433,35
8433,54
8433,84
8435,81
8436,46
8436,99
8438,11
8439,10
8440,16
8441,43
8447,36
8453,90
8454,61
8454,66
8455,29
8455,46
8455,51
8458,17
8460,81
8461,10
8463,84
8464,6
8464,37
8464,89
8465,91
8465,96
8465,97
8467,1
8467,10
8467,20
8467,37
8468,14
8469,13
8469,49
8469,78
8471,15
8471,56
8471,64
8472,68
8474,20
8475,70
8476,35
8476,45
8478,47
8479,31
8480,52
8480,92
8481,60
8483,27
8483,86
8483,90
8484,60
8484,63
8485,5
8485,48
8485,64
8486,98
8490,26
8492,11
8492,28
8492,58
8493,11
8493,37
8496,9
8496,48
8497,37
8497,77
8498,67
8499,86
8500,49
8500,94
8501,55
8503,35
8506,46
8507,41
8508,5
8509,42
8509,85
8510,91
8510,99
8512,62
8512,87
8512,91
8513,53
8514,62
8515,21
8516,37
8518,100
8519,12
8519,30
8519,67
8521,1
8522,42
8522,91
8523,40
8524,69
8524,81
8525,71
8525,82
8527,79
8528,83
8528,84
8531,3
8531,57
8532,54
8533,31
8534,89
8535,37
8536,64
8537,4
8538,16
8541,68
8541,76
8542,18
8543,27
8544,93
8545,80
8545,90
8546,69
8548,85
8548,87
8549,43
8549,85
8550,27
8551,12
8551,80
8555,22
8556,82
8557,46
8558,80
8560,16
8562,34
8562,36
8563,26
8563,65
8565,92
8567,39
8567,98
8568,52
8568,85
8568,94
8569,81
8571,45
8572,96
8573,24
8573,34
8574,41
8578,33
8582,83
8583,7
8585,66
8588,19
8588,77
8593,4
8593,46
8593,49
8593,78
8595,28
8596,48
8600,25
8600,84
8600,99
8601,79
8603,85
8603,87
8606,14
8606,88
8608,14
8608,21
8609,76
8610,46
8611,26
8611,78
8614,56
8615,20
8615,51
8615,76
8616,48
8617,86
8618,68
8618,95
8619,78
8623,55
8624,70
8625,6
8625,59
8625,61
8627,89
8630,1
8630,18
8630,23
8631,15
8632,7
8632,14
8632,38
8633,62
8633,72
8633,95
8634,49
8634,57
8636,53
8637,52
8637,89
8638,91
8638,99
8639,23
8641,17
8641,24
8641,39
8642,82
8644,75
8645,26
8646,90
8647,65
8648,24
8649,36
8650,60
8650,67
8652,88
8653,62
8655,42
8656,49
8656,76
8657,69
8660,56
8661,48
8661,91
8662,24
8662,85
8664,41
8666,71
8667,13
8669,18
8670,79
8671,15
8671,21
8672,19
8672,71
8674,43
8675,6
8678,29
8678,68
8678,100
8679,77
8680,64
8681,78
8683,11
8683,48
8683,52
8683,79
8684,80
8684,98
8685,25
8687,44
8688,59
8691,12
8691,13
8692,86
8693,20
8693,51
8694,31
8695,25
8695,90
8696,28
8697,71
8697,83
8698,62
8699,20
8701,27
8702,54
8704,26
8704,52
8704,75
8704,92
8704,96
8705,10
8706,16
8706,32
8706,65
8707,89
8710,6
8710,54
8710,77
8713,97
8714,2
8714,84
8715,7
8720,84
8722,13
8722,53
8723,46
8723,62
8724,16
8724,39
8725,25
8726,76
8727,15
8727,58
8729,6
8729,25
8729,26
8729,68
8729,70
8730,16
8731,25
8732,10
8733,65
8734,20
8735,67
8736,16
8736,30
8736,76
8737,27
8738,22
8739,23
8739,96
8740,46
8740,51
8741,78
8741,80
8742,37
8742,94
8743,83
8746,30
8747,33
8749,6
8749,38
8750,58
8750,65
8751,17
8751,19
8752,84
8752,89
8753,3
8754,71
8754,86
8755,59
8756,24
8757,2
8757,5
8757,80
8757,83
8758,6
8760,74
8761,52
8761,54
8761,83
8764,43
8765,36
8766,38
8766,86
8767,49
8767,89
8769,46
8770,75
8774,81
8774,85
8776,46
8776,64
8778,66
8779,100
8780,2
8780,4
8781,11
8782,59
8782,80
8784,6
8784,21
8784,44
8784,74
8785,2
8785,91
8790,9
8790,46
8791,61
8792,59
8793,43
8795,24
8796,100
8799,7
8802,29
8803,70
8804,78
8804,92
8805,5
8805,31
8810,48
8812,22
8812,76
8813,4
8814,95
8817,73
8818,11
8818,61
8819,64
8820,38
8821,78
8822,43
8824,41
8824,49
8826,52
8829,57
8830,12
8830,16
8830,95
8832,70
8833,30
8833,51
8833,68
8833,89
8834,12
8836,32
8836,59
8836,88
8837,75
8840,70
8841,85
8844,9
8845,57
8847,22
8847,44
8847,97
8849,42
8849,73
8852,86
8852,87
8855,29
8857,51
8857,94
8858,13
8860,35
8861,10
8862,89
8863,57
8863,65
8864,72
8865,99
8866,89
8869,62
8869,67
8873,18
8876,26
8876,45
8877,69
8878,15
8880,54
8880,89
8881,7
8881,9
8881,65
8881,69
8882,17
8882,20
8883,67
8885,60
8886,39
8887,81
8888,73
8888,85
8889,29
8889,64
8890,90
8894,55
8894,73
8895,8
8895,53
8897,12
8897,83
8898,28
8898,39
8898,68
8900,24
8902,25
8902,46
8903,2
8903,52
8903,67
8904,33
8904,61
8905,13
8906,5
8906,65
8907,22
8907,91
8910,88
8911,28
8911,76
8912,52
8914,29
8916,59
8917,84
8918,20
8918,53
8918,69
8919,39
8920,12
8922,99
8924,8
8924,59
8926,81
8927,80
8928,76
8930,26
8930,51
8930,90
8932,76
8933,55
8934,42
8934,93
8935,9
8936,35
8937,17
8938,37
8939,34
8940,7
8940,11
8940,15
8940,19
8941,93
8942,9
8945,53
8946,61
8946,85
8948,45
8948,77
8948,95
8949,54
8951,21
8952,75
8953,7
8953,23
8954,82
8958,24
8958,52
8958,82
8959,18
8959,80
8960,58
8962,57
8962,90
8964,64
8968,37
8968,39
8969,58
8973,31
8975,5
8975,13
8975,62
8976,51
8977,9
8977,41
8978,38
8978,47
8978,61
8978,96
8979,100
8980,61
8980,63
8980,70
8983,33
8984,23
8986,98
8987,4
8987,37
8987,55
8988,81
8989,3
8990,18
8991,17
8993,61
8994,10
8994,48
8994,96
8995,84
8996,40
8996,53
8998,1
8998,26
8998,44
9000,13
9001,6
9002,54
9003,72
9004,17
9006,10
9006,62
9008,75
9009,28
9010,53
9012,76
9013,20
9015,69
9015,78
9015,87
9017,56
9017,98
9018,1
9021,2
9022,31
9022,91
9025,27
9026,1
9027,22
9029,3
9029,55
9031,27
9034,7
9035,46
9036,54
9037,45
9038,49
9038,60
9039,6
9039,28
9039,42
9040,42
9040,70
9042,96
9045,67
9047,77
9048,5
9051,80
9052,38
9052,82
9054,2
9054,65
9055,29
9055,75
9055,87
9056,18
9056,58
9059,33
9059,37
9059,91
9060,64
9062,45
9065,8
9066,67
9067,21
9067,44
9067,76
9068,58
9068,83
9069,95
9070,35
9071,60
9073,40
9074,63
9074,99
9076,54
9076,63
9077,56
9077,64
9077,77
9079,52
9079,57
9080,42
9081,23
9081,36
9081,77
9083,19
9083,36
9084,74
9086,42
9086,97
9088,20
9089,54
9089,61
9090,77
9092,71
9093,97
9095,70
9096,46
9096,80
9097,36
9097,97
9098,18
9099,38
9102,45
9102,93
9103,99
9104,2
9105,62
9105,87
9106,3
9106,13
9107,71
9108,39
9109,6
9109,8
9109,50
9110,76
9112,78
9113,30
9116,77
9116,89
9117,79
9118,98
9120,22
9122,10
9123,88
9124,72
9125,39
9125,69
9125,70
9126,27
9129,66
9129,69
9130,59
9130,72
9131,52
9131,82
9132,43
9133,91
9134,68
9135,17
9136,5
9136,46
9137,59
9137,99
9138,59
9138,73
9139,45
9140,64
9142,11
9142,49
9144,15
9147,25
9148,48
9148,55
9148,81
9149,34
9151,36
9153,5
9153,78
9156,10
9156,99
9157,25
9158,51
9159,39
9159,43
9159,76
9161,62
9162,10
9162,45
9164,9
9164,28
9165,3
9165,4
9165,17
9166,50
9167,76
9167,80
9169,10
9169,35
9169,51
9169,85
9170,14
9170,85
9171,87
9173,43
9175,6
9175,22
9175,24
9176,48
9177,42
9179,38
9179,88
9180,60
9181,64
9182,4
9182,30
9182,55
9184,100
9186,16
9188,39
9188,57
9191,87
9195,90
9196,72
9197,78
9198,15
9199,86
9200,45
9202,26
9202,46
9202,83
9205,21
9205,93
9206,23
9206,70
9206,73
9207,29
9211,61
9211,98
9215,94
9215,98
9216,61
9218,35
9221,8
9221,83
9222,10
9223,27
9226,6
9226,38
9228,51
9229,20
9230,36
9230,45
9230,75
9231,45
9231,73
9232,48
9234,41
9235,7
9235,18
9236,56
9236,96
9237,72
9237,97
9238,50
9238,68
9238,95
9239,81
9239,95
9240,96
9241,14
9242,54
9242,58
9243,94
9245,53
9249,63
9249,75
9249,100
9250,89
9251,6
9251,64
9255,52
9255,80
9256,13
9256,16
9256,86
9257,46
9260,5
9261,27
9261,45
9261,71
9262,3
9262,11
9263,33
9263,36
9264,48
9266,34
9267,54
9268,33
9271,76
9273,1
9274,79
9275,6
9276,78
9277,27
9278,2
9279,69
9281,4
9281,48
9284,14
9285,6
9286,84
9287,31
9287,36
9287,47
9288,7
9288,23
9290,63
9293,57
9293,65
9293,89
9296,58
9297,55
9298,31
9300,9
9301,40
9301,68
9301,82
9302,21
9304,15
9304,38
9304,60
9304,79
9306,97
9310,91
9311,3
9313,55
9313,88
9314,36
9314,72
9314,73
9315,15
9316,74
9318,27
9322,56
9324,54
9324,68
9326,3
9326,48
9327,66
9327,72
9328,27
9328,63
9329,7
9329,89
9331,29
9331,96
9332,5
9332,29
9332,54
9333,48
9334,79
9335,2
9336,79
9338,33
9338,82
9339,59
9339,84
9342,47
9342,48
9342,63
9342,79
9343,80
9343,83
9344,44
9345,39
9346,2
9346,11
9346,50
9347,13
9347,64
9349,75
9351,30
9351,73
9355,62
9358,95
9361,31
9363,16
9363,79
9364,68
9365,27
9365,98
9366,2
9366,37
9368,94
9369,19
9370,17
9370,83
9371,11
9371,40
9371,50
9371,57
9373,53
9374,34
9374,40
9377,16
9377,34
9378,73
9378,84
9379,1
9379,50
9379,51
9382,70
9383,97
9384,50
9386,48
9387,40
9388,8
9389,27
9389,71
9391,90
9393,68
9394,40
9394,93
9395,10
9395,90
9396,50
9396,53
9400,66
9401,80
9401,85
9403,17
9403,44
9404,87
9407,90
9410,12
9410,54
9410,59
9412,56
9413,2
9413,22
9414,21
9415,33
9415,81
9416,87
9417,52
9418,64
9420,33
9423,45
9423,67
9424,48
9425,70
9427,45
9428,86
9429,57
9429,63
9430,40
9430,79
9431,58
9431,69
9431,92
9432,43
9432,67
9432,92
9432,94
9435,62
9437,6
9437,16
9439,21
9445,47
9445,67
9447,77
9448,36
9449,23
9449,87
9453,62
9454,5
9456,71
9457,85
9458,26
9458,90
9458,93
9460,60
9461,31
9462,34
9464,25
9466,38
9467,22
9468,32
9470,34
9470,81
9472,27
9472,34
9472,54
9474,47
9475,16
9477,54
9477,59
9477,72
9478,15
9478,58
9480,91
9481,3
9481,69
9481,88
9482,55
9482,60
9483,35
9483,48
9483,95
9484,34
9484,46
9486,4
9486,76
9489,64
9489,90
9490,86
9491,58
9492,17
9493,14
9493,34
9496,98
9498,76
9500,25
9501,80
9501,96
9504,49
9505,89
9505,96
9506,45
9509,46
9509,65
9510,36
9510,77
9512,9
9514,36
9514,87
9517,21
9518,31
9518,74
9520,37
9522,90
9523,9
9523,20
9523,25
9523,30
9523,33
9525,92
9527,19
9531,13
9536,6
9539,39
9540,32
9542,57
9543,10
9543,22
9543,24
9544,20
9547,33
9547,63
9548,28
9549,4
9549,6
9549,44
9549,71
9551,11
9551,86
9552,67
9552,79
9552,89
9554,39
9554,49
9554,68
9554,69
9555,71
9557,11
9558,47
9558,50
9559,60
9559,92
9559,100
9560,86
9561,79
9562,16
9562,27
9563,48
9564,7
9565,77
9566,1
9567,41
9567,86
9569,8
9569,75
9570,45
9573,70
9575,12
9576,88
9577,28
9577,42
9577,72
9577,81
9579,12
9579,91
9580,49
9581,15
9581,98
9582,8
9584,73
9585,1
9585,74
9585,98
9591,6
9591,21
9591,37
9592,75
9592,80
9592,85
9593,6
9593,73
9594,35
9595,61
9597,12
9598,63
9599,60
9603,24
9605,1
9608,17
9608,38
9609,62
9610,36
9610,85
9614,51
9617,30
9617,59
9617,81
9619,68
9620,4
9620,78
9621,40
9622,1
9622,59
9623,81
9624,71
9625,32
9626,58
9626,98
9627,90
9628,94
9629,38
9629,70
9629,79
9630,37
9630,38
9631,17
9631,48
9632,91
9633,94
9636,72
9636,97
9639,47
9639,79
9639,93
9640,51
9641,78
9642,65
9643,32
9643,39
9643,48
9644,38
9644,71
9645,17
9645,23
9645,30
9646,13
9646,50
9648,10
9649,36
9651,8
9651,42
9652,92
9654,1
9654,47
9654,70
9655,75
9655,77
9656,81
9656,84
9658,28
9659,28
9659,88
9660,77
9661,65
9663,12
9663,55
9664,12
9664,51
9665,17
9665,23
9666,2
9666,20
9666,51
9666,80
9667,39
9667,78
9668,70
9671,71
9674,13
9674,72
9675,8
9676,13
9676,85
9676,94
9677,2
9678,38
9679,6
9680,52
9680,56
9683,2
9683,75
9683,86
9684,36
9685,30
9685,61
9686,2
9686,74
9687,96
9688,26
9689,2
9689,6
9690,46
9690,82
9692,86
9694,80
9694,94
9695,26
9695,98
9697,44
9697,99
9699,61
9700,57
9700,78
9704,20
9706,35
9707,31
9707,58
9709,43
9710,87
9711,18
9711,97
9713,29
9715,63
9717,3
9717,38
9717,77
9720,23
9721,29
9721,99
9722,41
9722,65
9724,25
9725,2
9725,5
9725,39
9726,22
9726,53
9732,1
9734,63
9734,68
9734,93
9735,13
9735,50
9737,40
9737,92
9738,37
9740,87
9741,76
9743,86
9744,61
9745,2
9745,38
9746,78
9747,7
9747,57
9747,76
9748,14
9748,69
9748,96
9752,80
9752,89
9761,60
9763,47
9764,30
9766,58
9767,23
9767,33
9768,11
9768,30
9769,38
9769,59
9774,95
9775,63
9775,82
9778,49
9781,1
9781,66
9783,25
9783,43
9786,78
9786,80
9788,93
9789,60
9790,50
9791,39
9792,21
9792,55
9792,72
9794,68
9795,32
9796,5
9797,49
9799,75
9800,67
9801,21
9805,92
9806,54
9808,34
9809,17
9809,52
9809,55
9809,62
9811,16
9813,62
9815,6
9815,76
9818,2
9818,63
9822,88
9822,90
9826,35
9826,48
9827,25
9827,33
9830,73
9830,87
9832,26
9832,82
9834,56
9835,82
9838,7
9839,53
9839,61
9840,92
9840,99
9841,66
9842,57
9842,65
9843,96
9847,27
9848,97
9850,14
9851,8
9853,31
9853,96
9855,37
9855,62
9856,87
9856,99
9858,11
9858,51
9860,10
9861,35
9861,88
9863,10
9864,13
9864,39
9866,41
9866,83
9867,100
9869,39
9870,70
9871,86
9872,79
9873,1
9873,46
9873,99
9874,27
9876,24
9876,34
9877,41
9879,9
9879,11
9879,55
9880,69
9882,86
9882,100
9884,2
9887,35
9887,83
9889,55
9890,2
9890,53
9891,2
9891,27
9893,88
9894,40
9898,7
9900,30
9900,69
9901,88
9903,89
9904,18
9904,28
9905,57
9905,96
9907,92
9909,39
9909,83
9910,52
9911,6
9912,48
9913,86
9916,91
9917,11
9917,58
9921,33
9922,1
9922,71
9923,51
9925,88
9926,41
9926,75
9926,85
9926,91
9930,57
9931,75
9932,82
9935,43
9935,66
9936,83
9939,4
9939,73
9940,70
9940,99
9942,61
9944,9
9945,64
9945,65
9945,87
9947,70
9947,84
9948,72
9950,81
9952,56
9952,59
9953,56
9955,20
9955,52
9956,41
9957,10
9957,15
9957,81
9959,84
9962,67
9963,19
9963,64
9964,90
9965,56
9966,60
9966,96
9967,34
9967,98
9968,12
9968,31
9969,82
9970,3
9970,67
9972,16
9973,11
9974,31
9978,15
9978,40
9981,100
9982,63
9983,63
9987,1
9988,40
9988,89
9989,27
9989,88
9990,49
9991,12
9992,6
9993,92
9995,70
9997,47
9997,59
10001,56
10002,7
10004,58
10005,57
10006,15
10006,73
10007,20
10008,25
10008,47
10008,60
10008,67
10010,2
10010,47
10011,100
10012,86
10012,97
10013,73
10016,22
10016,92
10020,43
10021,14
10021,23
10021,70
10022,31
10022,81
10023,73
10023,85
10024,45
10025,46
10026,34
10027,80
10027,96
10029,7
10029,34
10032,34
10032,87
10033,68
10034,89
10035,30
10036,39
10036,45
10038,15
10038,91
10042,4
10043,14
10044,69
10045,36
10046,94
10047,73
10048,32
10048,73
10049,12
10049,13
10052,85
10053,18
10053,22
10055,77
10056,42
10057,9
10058,14
10059,47
10060,45
10060,72
10061,69
10062,16
10062,77
10063,75
10064,19
10065,31
10065,85
10066,28
10066,77
10067,56
10067,99
10068,79
10069,67
10069,96
10070,13
10070,36
10071,15
10073,39
10073,70
10074,10
10076,98
10077,17
10079,6
10079,51
10080,86
10081,73
10081,77
10081,98
10082,16
10083,12
10084,10
10084,46
10084,65
10084,71
10085,72
10086,24
10087,19
10087,68
10087,90
10087,95
10088,2
10088,35
10089,32
10090,100
10091,53
10091,57
10091,74
10091,91
10094,52
10096,50
10097,29
10098,54
10099,39
10102,22
10102,51
10103,70
10103,75
10104,4
10104,79
10105,30
10105,46
10105,60
10107,35
10107,70
10107,84
10108,26
10108,44
10109,83
10109,99
10110,56
10110,85
10112,42
10113,79
10114,52
10115,46
10116,32
10116,85
10120,26
10121,8
10121,33
10121,41
10122,31
10122,32
10122,91
10123,12
10123,23
10124,1
10124,68
10124,69
10127,65
10128,38
10129,31
10133,26
10135,59
10136,62
10139,48
10140,6
10141,35
10142,3
10142,56
10142,90
10143,97
10145,43
10147,66
10148,84
10149,38
10150,1
10152,64
10153,34
10154,83
10155,9
10157,11
10158,48
10161,19
10161,79
10162,27
10164,63
10165,2
10166,56
10166,58
10166,73
10169,67
10170,62
10170,83
10171,90
10172,95
10174,19
10174,24
10174,25
10174,56
10178,74
10178,77
10180,36
10180,42
10182,55
10183,8
10183,48
10185,66
10188,8
10188,32
10188,93
10189,8
10189,84
10191,67
10192,47
10193,59
10193,64
10193,67
10193,94
10196,52
10197,31
10197,65
10201,63
10202,13
10205,64
10206,11
10207,70
10208,2
10209,81
10209,86
10211,55
10212,4
10212,32
10213,70
10214,81
10215,46
10217,27
10218,44
10218,61
10219,28
10219,93
10220,39
10221,34
10222,80
10226,65
10227,35
10228,23
10230,60
10230,78
10232,23
10232,97
10233,10
10233,44
10233,45
10233,50
10233,61
10234,2
10234,37
10236,78
10236,83
10238,26
10239,22
10239,71
10240,66
10242,77
10243,32
10243,35
10245,4
10246,29
10246,94
10247,5
10247,40
10247,69
10250,71
10251,23
10254,5
10255,55
10256,83
10258,3
10258,13
10258,46
10259,22
10260,12
10260,50
10260,67
10260,95
10261,31
10261,63
10262,96
10264,83
10265,88
10267,36
10268,24
10271,76
10271,80
10272,26
10273,98
10276,4
10276,39
10278,32
10278,73
10279,12
10281,5
10281,74
10282,31
10282,72
10285,28
10285,51
10285,74
10286,26
10286,58
10288,25
10288,48
10292,94
10293,56
10294,89
10295,2
10302,91
10303,20
10304,45
10305,30
10305,50
10306,91
10308,2
10308,55
10309,37
10309,70
10311,89
10312,51
10314,2
10314,11
10314,25
10316,32
10317,58
10319,64
10319,70
10320,25
10321,15
10321,93
10325,87
10327,43
10329,24
10330,11
10330,60
10331,11
10331,16
10333,67
10333,83
10334,94
10336,75
10337,62
10337,97
10340,16
10340,46
10342,21
10342,57
10344,19
10344,46
10345,3
10345,19
10345,34
10347,24
10348,80
10349,45
10349,62
10349,68
10350,76
10350,85
10355,33
10355,72
10356,11
10356,12
10357,17
10357,46
10358,31
10358,47
10358,68
10359,22
10363,20
10364,49
10366,49
10366,82
10367,21
10369,9
10369,93
10370,35
10370,52
10371,5
10371,72
10372,11
10373,53
10373,73
10375,12
10376,20
10376,92
10377,13
10377,42
10378,58
10378,75
10380,18
10380,32
10380,72
10381,36
10381,100
10382,52
10382,55
10385,22
10386,8
10386,13
10386,20
10387,31
10387,34
10389,42
10390,30
10391,15
10392,16
10392,59
10392,82
10394,49
10395,46
10395,82
10396,84
10397,99
10399,35
10400,60
10400,81
10401,79
10402,47
10403,77
10405,9
10406,44
10407,11
10408,93
10409,24
10409,76
10409,99
10410,81
10411,23
10411,46
10411,83
10413,47
10414,59
10415,39
10416,53
10417,4
10417,19
10417,75
10417,93
10418,43
10419,33
10419,94
10420,92
10421,2
10422,11
10422,26
10422,74
10429,6
10429,64
10433,9
10433,26
10435,45
10437,61
10438,29
10438,30
10439,5
10439,43
10439,90
10440,48
10441,28
10443,23
10443,61
10444,82
10445,22
10445,37
10445,72
10447,45
10453,29
10453,81
10455,59
10456,9
10457,47
10458,97
10461,25
10462,73
10465,40
10465,99
10466,57
10466,75
10468,94
10470,88
10471,41
10472,27
10472,45
10474,3
10474,9
10477,57
10480,20
10480,41
10480,46
10480,63
10481,67
10482,4
10483,54
10483,64
10484,51
10485,5
10486,74
10487,31
10490,29
10490,80
10491,14
10492,18
10492,40
10492,96
10493,14
10493,53
10493,61
10493,80
10496,44
10498,90
10499,46
10500,37
10501,27
10504,17
10505,54
10505,93
10507,26
10509,53
10510,71
10511,85
10512,89
10513,6
10514,13
10514,61
10515,15
10516,14
10517,100
10518,30
10518,54
10519,82
10519,91
10520,64
10522,49
10522,61
10523,36
10526,70
10526,83
10526,100
10527,34
10528,12
10528,82
10529,25
10529,37
10533,59
10534,20
10534,23
10536,48
10536,100
10539,88
10540,33
10541,38
10542,2
10543,42
10543,54
10544,21
10544,85
10547,7
10547,16
10549,67
10549,87
10550,61
10551,25
10552,62
10552,64
10553,44
10553,98
10555,39
10556,38
10557,15
10557,77
10560,22
10561,65
10562,82
10563,88
10564,92
10565,14
10565,18
10565,79
10565,82
10566,47
10566,83
10567,23
10567,58
10568,5
10569,98
10570,53
10571,41
10574,83
10575,89
10576,35
10576,62
10576,72
10576,79
10577,23
10579,42
10580,11
10580,84
10582,23
10582,45
10582,68
10583,16
10585,22
10586,39
10586,52
10586,96
10587,8
10588,99
10589,20
10589,40
10589,74
10589,81
10592,49
10596,27
10596,79
10597,78
10598,11
10599,45
10600,31
10602,18
10602,70
10606,62
10606,85
10607,69
10611,26
10613,43
10615,71
10616,74
10617,5
10618,25
10618,37
10620,48
10621,16
10622,86
10623,27
10623,61
10624,2
10625,66
10626,35
10628,13
10628,95
10629,35
10630,63
10630,77
10630,99
10631,4
10632,4
10634,37
10635,22
10635,94
10638,28
10641,65
10641,86
10643,33
10643,57
10644,15
10644,65
10645,20
10648,58
10649,53
10650,88
10651,66
10652,15
10652,48
10654,45
10654,94
10655,16
10656,41
10657,60
10658,76
10659,92
10660,28
10660,35
10661,79
10662,58
10665,16
10665,69
10666,45
10667,80
10671,9
10672,37
10674,26
10674,66
10674,78
10675,55
10676,50
10678,22
10682,75
10683,88
10683,94
10688,43
10688,80
10688,97
10689,9
10689,24
10689,37
10689,38
10689,41
10689,42
10692,21
10692,27
10693,58
10693,99
10695,42
10696,66
10696,73
10698,93
10699,21
10700,51
10702,28
10702,65
10702,93
10704,46
10705,29
10707,34
10707,38
10707,69
10708,58
10709,42
10710,46
10712,14
10712,57
10713,93
10715,24
10715,47
10718,36
10721,1
10721,48
10724,18
10724,28
10724,62
10725,67
10726,34
10726,91
10728,69
10729,12
10729,90
10730,98
10731,32
10733,4
10734,92
10735,90
10736,25
10736,46
10736,78
10737,7
10738,32
10738,87
10739,69
10739,87
10741,22
10741,35
10742,10
10742,76
10744,73
10747,20
10747,46
10748,6
10748,19
10750,62
10751,12
10751,23
10751,62
10751,89
10752,15
10752,46
10752,51
10753,8
10753,93
10755,19
10757,8
10758,19
10759,84
10760,37
10760,38
10761,30
10761,96
10763,48
10765,8
10765,64
10767,85
10768,32
10770,32
10772,43
10774,35
10774,63
10774,64
10775,95
10779,92
10780,56
10780,69
10781,63
10781,64
10782,10
10782,90
10784,18
10784,50
10786,32
10787,12
10787,47
10788,8
10788,75
10794,5
10794,97
10795,47
10796,49
10797,63
10798,2
10798,84
10799,41
10800,8
10801,35
10801,96
10802,58
10804,97
10805,57
10812,18
10813,94
10814,40
10815,96
10816,18
10816,40
10817,27
10817,36
10817,75
10818,85
10820,18
10820,54
10820,72
10821,14
10822,37
10822,91
10826,57
10829,100
10830,11
10830,15
10833,37
10834,29
10834,53
10836,32
10836,52
10836,75
10837,1
10839,57
10840,39
10840,64
10840,100
10841,37
10842,44
10842,58
10843,12
10844,45
10844,66
10845,68
10846,50
10846,95
10847,31
10847,54
10847,63
10848,24
10848,38
10848,79
10848,84
10848,97
10849,75
10850,93
10852,42
10852,52
10852,68
10853,20
10858,18
10858,27
10859,4
10860,93
10863,34
10863,86
10864,27
10865,37
10865,66
10867,47
10867,90
10868,42
10869,52
10870,68
10870,100
10871,43
10873,65
10874,27
10874,34
10875,37
10875,86
10876,6
10877,29
10877,90
10878,50
10878,88
10879,68
10880,5
10880,16
10880,25
10881,26
10883,83
10886,40
10886,56
10886,86
10887,7
10889,19
10889,73
10890,72
10891,13
10891,96
10895,28
10895,70
10895,75
10896,82
10897,76
10901,91
10902,32
10903,73
10904,100
10906,1
10907,17
10907,40
10909,20
10909,65
10910,71
10911,61
10911,82
10913,15
10913,39
10914,89
10915,11
10915,26
10915,39
10915,80
10915,98
10916,18
10917,18
10917,48
10917,66
10917,72
10918,51
10918,84
10918,88
10920,65
10921,21
10922,25
10922,41
10922,47
10923,57
10924,28
10927,47
10927,59
10930,41
10931,40
10931,89
10932,76
10937,70
10938,34
10940,31
10941,61
10943,36
10945,4
10945,18
10946,2
10946,3
10948,48
10949,98
10951,31
10953,20
10953,57
10953,77
10954,29
10954,49
10958,12
10958,95
10960,56
10961,83
10962,32
10962,45
10962,89
10963,50
10966,39
10967,17
10968,17
10968,64
10970,15
10970,31
10970,100
10971,9
10972,52
10973,82
10974,29
10975,32
10975,69
10977,74
10980,34
10980,48
10980,79
10984,6
10985,91
10986,20
10989,23
10989,73
10990,14
10990,38
10990,57
10990,68
10990,80
10991,9
10991,10
10991,75
10991,78
10993,40
10993,69
10994,16
10994,43
10994,60
10995,95
10996,22
10996,28
10997,40
10997,51
10999,55
10999,82
